release	target	file	status
22.03.0	x86/64	openwrt-22.03.0-x86-64.manifest	stored
22.03.0	x86/64	config.buildinfo	stored
22.03.0	x86/64	feeds.buildinfo	stored
22.03.0	x86/64	version.buildinfo	stored
22.03.0	x86/64	sha256sums	stored
22.03.0	x86/64	openwrt-22.03.0-x86-64.bom.cdx.json	not_published
22.03.0	ath79/generic	openwrt-22.03.0-ath79-generic.manifest	stored
22.03.0	ath79/generic	config.buildinfo	stored
22.03.0	ath79/generic	feeds.buildinfo	stored
22.03.0	ath79/generic	version.buildinfo	stored
22.03.0	ath79/generic	sha256sums	stored
22.03.0	ath79/generic	openwrt-22.03.0-ath79-generic.bom.cdx.json	not_published
22.03.1	x86/64	openwrt-22.03.1-x86-64.manifest	stored
22.03.1	x86/64	config.buildinfo	stored
22.03.1	x86/64	feeds.buildinfo	stored
22.03.1	x86/64	version.buildinfo	stored
22.03.1	x86/64	sha256sums	stored
22.03.1	x86/64	openwrt-22.03.1-x86-64.bom.cdx.json	not_published
22.03.1	ath79/generic	openwrt-22.03.1-ath79-generic.manifest	stored
22.03.1	ath79/generic	config.buildinfo	stored
22.03.1	ath79/generic	feeds.buildinfo	stored
22.03.1	ath79/generic	version.buildinfo	stored
22.03.1	ath79/generic	sha256sums	stored
22.03.1	ath79/generic	openwrt-22.03.1-ath79-generic.bom.cdx.json	not_published
22.03.2	x86/64	openwrt-22.03.2-x86-64.manifest	stored
22.03.2	x86/64	config.buildinfo	stored
22.03.2	x86/64	feeds.buildinfo	stored
22.03.2	x86/64	version.buildinfo	stored
22.03.2	x86/64	sha256sums	stored
22.03.2	x86/64	openwrt-22.03.2-x86-64.bom.cdx.json	not_published
22.03.2	ath79/generic	openwrt-22.03.2-ath79-generic.manifest	stored
22.03.2	ath79/generic	config.buildinfo	stored
22.03.2	ath79/generic	feeds.buildinfo	stored
22.03.2	ath79/generic	version.buildinfo	stored
22.03.2	ath79/generic	sha256sums	stored
22.03.2	ath79/generic	openwrt-22.03.2-ath79-generic.bom.cdx.json	not_published
22.03.3	x86/64	openwrt-22.03.3-x86-64.manifest	stored
22.03.3	x86/64	config.buildinfo	stored
22.03.3	x86/64	feeds.buildinfo	stored
22.03.3	x86/64	version.buildinfo	stored
22.03.3	x86/64	sha256sums	stored
22.03.3	x86/64	openwrt-22.03.3-x86-64.bom.cdx.json	not_published
22.03.3	ath79/generic	openwrt-22.03.3-ath79-generic.manifest	stored
22.03.3	ath79/generic	config.buildinfo	stored
22.03.3	ath79/generic	feeds.buildinfo	stored
22.03.3	ath79/generic	version.buildinfo	stored
22.03.3	ath79/generic	sha256sums	stored
22.03.3	ath79/generic	openwrt-22.03.3-ath79-generic.bom.cdx.json	not_published
22.03.4	x86/64	openwrt-22.03.4-x86-64.manifest	stored
22.03.4	x86/64	config.buildinfo	stored
22.03.4	x86/64	feeds.buildinfo	stored
22.03.4	x86/64	version.buildinfo	stored
22.03.4	x86/64	sha256sums	stored
22.03.4	x86/64	openwrt-22.03.4-x86-64.bom.cdx.json	not_published
22.03.4	ath79/generic	openwrt-22.03.4-ath79-generic.manifest	stored
22.03.4	ath79/generic	config.buildinfo	stored
22.03.4	ath79/generic	feeds.buildinfo	stored
22.03.4	ath79/generic	version.buildinfo	stored
22.03.4	ath79/generic	sha256sums	stored
22.03.4	ath79/generic	openwrt-22.03.4-ath79-generic.bom.cdx.json	not_published
22.03.5	x86/64	openwrt-22.03.5-x86-64.manifest	stored
22.03.5	x86/64	config.buildinfo	stored
22.03.5	x86/64	feeds.buildinfo	stored
22.03.5	x86/64	version.buildinfo	stored
22.03.5	x86/64	sha256sums	stored
22.03.5	x86/64	openwrt-22.03.5-x86-64.bom.cdx.json	not_published
22.03.5	ath79/generic	openwrt-22.03.5-ath79-generic.manifest	stored
22.03.5	ath79/generic	config.buildinfo	stored
22.03.5	ath79/generic	feeds.buildinfo	stored
22.03.5	ath79/generic	version.buildinfo	stored
22.03.5	ath79/generic	sha256sums	stored
22.03.5	ath79/generic	openwrt-22.03.5-ath79-generic.bom.cdx.json	not_published
22.03.6	x86/64	openwrt-22.03.6-x86-64.manifest	stored
22.03.6	x86/64	config.buildinfo	stored
22.03.6	x86/64	feeds.buildinfo	stored
22.03.6	x86/64	version.buildinfo	stored
22.03.6	x86/64	sha256sums	stored
22.03.6	x86/64	openwrt-22.03.6-x86-64.bom.cdx.json	not_published
22.03.6	ath79/generic	openwrt-22.03.6-ath79-generic.manifest	stored
22.03.6	ath79/generic	config.buildinfo	stored
22.03.6	ath79/generic	feeds.buildinfo	stored
22.03.6	ath79/generic	version.buildinfo	stored
22.03.6	ath79/generic	sha256sums	stored
22.03.6	ath79/generic	openwrt-22.03.6-ath79-generic.bom.cdx.json	not_published
22.03.7	x86/64	openwrt-22.03.7-x86-64.manifest	stored
22.03.7	x86/64	config.buildinfo	stored
22.03.7	x86/64	feeds.buildinfo	stored
22.03.7	x86/64	version.buildinfo	stored
22.03.7	x86/64	sha256sums	stored
22.03.7	x86/64	openwrt-22.03.7-x86-64.bom.cdx.json	not_published
22.03.7	ath79/generic	openwrt-22.03.7-ath79-generic.manifest	stored
22.03.7	ath79/generic	config.buildinfo	stored
22.03.7	ath79/generic	feeds.buildinfo	stored
22.03.7	ath79/generic	version.buildinfo	stored
22.03.7	ath79/generic	sha256sums	stored
22.03.7	ath79/generic	openwrt-22.03.7-ath79-generic.bom.cdx.json	not_published
23.05.0	x86/64	openwrt-23.05.0-x86-64.manifest	stored
23.05.0	x86/64	config.buildinfo	stored
23.05.0	x86/64	feeds.buildinfo	stored
23.05.0	x86/64	version.buildinfo	stored
23.05.0	x86/64	sha256sums	stored
23.05.0	x86/64	openwrt-23.05.0-x86-64.bom.cdx.json	not_published
23.05.0	ath79/generic	openwrt-23.05.0-ath79-generic.manifest	stored
23.05.0	ath79/generic	config.buildinfo	stored
23.05.0	ath79/generic	feeds.buildinfo	stored
23.05.0	ath79/generic	version.buildinfo	stored
23.05.0	ath79/generic	sha256sums	stored
23.05.0	ath79/generic	openwrt-23.05.0-ath79-generic.bom.cdx.json	not_published
23.05.1	x86/64	openwrt-23.05.1-x86-64.manifest	stored
23.05.1	x86/64	config.buildinfo	stored
23.05.1	x86/64	feeds.buildinfo	stored
23.05.1	x86/64	version.buildinfo	stored
23.05.1	x86/64	sha256sums	stored
23.05.1	x86/64	openwrt-23.05.1-x86-64.bom.cdx.json	stored
23.05.1	ath79/generic	openwrt-23.05.1-ath79-generic.manifest	stored
23.05.1	ath79/generic	config.buildinfo	stored
23.05.1	ath79/generic	feeds.buildinfo	stored
23.05.1	ath79/generic	version.buildinfo	stored
23.05.1	ath79/generic	sha256sums	stored
23.05.1	ath79/generic	openwrt-23.05.1-ath79-generic.bom.cdx.json	stored
23.05.2	x86/64	openwrt-23.05.2-x86-64.manifest	stored
23.05.2	x86/64	config.buildinfo	stored
23.05.2	x86/64	feeds.buildinfo	stored
23.05.2	x86/64	version.buildinfo	stored
23.05.2	x86/64	sha256sums	stored
23.05.2	x86/64	openwrt-23.05.2-x86-64.bom.cdx.json	stored
23.05.2	ath79/generic	openwrt-23.05.2-ath79-generic.manifest	stored
23.05.2	ath79/generic	config.buildinfo	stored
23.05.2	ath79/generic	feeds.buildinfo	stored
23.05.2	ath79/generic	version.buildinfo	stored
23.05.2	ath79/generic	sha256sums	stored
23.05.2	ath79/generic	openwrt-23.05.2-ath79-generic.bom.cdx.json	stored
23.05.3	x86/64	openwrt-23.05.3-x86-64.manifest	stored
23.05.3	x86/64	config.buildinfo	stored
23.05.3	x86/64	feeds.buildinfo	stored
23.05.3	x86/64	version.buildinfo	stored
23.05.3	x86/64	sha256sums	stored
23.05.3	x86/64	openwrt-23.05.3-x86-64.bom.cdx.json	stored
23.05.3	ath79/generic	openwrt-23.05.3-ath79-generic.manifest	stored
23.05.3	ath79/generic	config.buildinfo	stored
23.05.3	ath79/generic	feeds.buildinfo	stored
23.05.3	ath79/generic	version.buildinfo	stored
23.05.3	ath79/generic	sha256sums	stored
23.05.3	ath79/generic	openwrt-23.05.3-ath79-generic.bom.cdx.json	stored
23.05.4	x86/64	openwrt-23.05.4-x86-64.manifest	stored
23.05.4	x86/64	config.buildinfo	stored
23.05.4	x86/64	feeds.buildinfo	stored
23.05.4	x86/64	version.buildinfo	stored
23.05.4	x86/64	sha256sums	stored
23.05.4	x86/64	openwrt-23.05.4-x86-64.bom.cdx.json	stored
23.05.4	ath79/generic	openwrt-23.05.4-ath79-generic.manifest	stored
23.05.4	ath79/generic	config.buildinfo	stored
23.05.4	ath79/generic	feeds.buildinfo	stored
23.05.4	ath79/generic	version.buildinfo	stored
23.05.4	ath79/generic	sha256sums	stored
23.05.4	ath79/generic	openwrt-23.05.4-ath79-generic.bom.cdx.json	stored
23.05.5	x86/64	openwrt-23.05.5-x86-64.manifest	stored
23.05.5	x86/64	config.buildinfo	stored
23.05.5	x86/64	feeds.buildinfo	stored
23.05.5	x86/64	version.buildinfo	stored
23.05.5	x86/64	sha256sums	stored
23.05.5	x86/64	openwrt-23.05.5-x86-64.bom.cdx.json	stored
23.05.5	ath79/generic	openwrt-23.05.5-ath79-generic.manifest	stored
23.05.5	ath79/generic	config.buildinfo	stored
23.05.5	ath79/generic	feeds.buildinfo	stored
23.05.5	ath79/generic	version.buildinfo	stored
23.05.5	ath79/generic	sha256sums	stored
23.05.5	ath79/generic	openwrt-23.05.5-ath79-generic.bom.cdx.json	stored
23.05.6	x86/64	openwrt-23.05.6-x86-64.manifest	stored
23.05.6	x86/64	config.buildinfo	stored
23.05.6	x86/64	feeds.buildinfo	stored
23.05.6	x86/64	version.buildinfo	stored
23.05.6	x86/64	sha256sums	stored
23.05.6	x86/64	openwrt-23.05.6-x86-64.bom.cdx.json	stored
23.05.6	ath79/generic	openwrt-23.05.6-ath79-generic.manifest	stored
23.05.6	ath79/generic	config.buildinfo	stored
23.05.6	ath79/generic	feeds.buildinfo	stored
23.05.6	ath79/generic	version.buildinfo	stored
23.05.6	ath79/generic	sha256sums	stored
23.05.6	ath79/generic	openwrt-23.05.6-ath79-generic.bom.cdx.json	stored
24.10.0	x86/64	openwrt-24.10.0-x86-64.manifest	stored
24.10.0	x86/64	config.buildinfo	stored
24.10.0	x86/64	feeds.buildinfo	stored
24.10.0	x86/64	version.buildinfo	stored
24.10.0	x86/64	sha256sums	stored
24.10.0	x86/64	openwrt-24.10.0-x86-64.bom.cdx.json	stored
24.10.0	ath79/generic	openwrt-24.10.0-ath79-generic.manifest	stored
24.10.0	ath79/generic	config.buildinfo	stored
24.10.0	ath79/generic	feeds.buildinfo	stored
24.10.0	ath79/generic	version.buildinfo	stored
24.10.0	ath79/generic	sha256sums	stored
24.10.0	ath79/generic	openwrt-24.10.0-ath79-generic.bom.cdx.json	stored
24.10.1	x86/64	openwrt-24.10.1-x86-64.manifest	stored
24.10.1	x86/64	config.buildinfo	stored
24.10.1	x86/64	feeds.buildinfo	stored
24.10.1	x86/64	version.buildinfo	stored
24.10.1	x86/64	sha256sums	stored
24.10.1	x86/64	openwrt-24.10.1-x86-64.bom.cdx.json	stored
24.10.1	ath79/generic	openwrt-24.10.1-ath79-generic.manifest	stored
24.10.1	ath79/generic	config.buildinfo	stored
24.10.1	ath79/generic	feeds.buildinfo	stored
24.10.1	ath79/generic	version.buildinfo	stored
24.10.1	ath79/generic	sha256sums	stored
24.10.1	ath79/generic	openwrt-24.10.1-ath79-generic.bom.cdx.json	stored
24.10.2	x86/64	openwrt-24.10.2-x86-64.manifest	stored
24.10.2	x86/64	config.buildinfo	stored
24.10.2	x86/64	feeds.buildinfo	stored
24.10.2	x86/64	version.buildinfo	stored
24.10.2	x86/64	sha256sums	stored
24.10.2	x86/64	openwrt-24.10.2-x86-64.bom.cdx.json	stored
24.10.2	ath79/generic	openwrt-24.10.2-ath79-generic.manifest	stored
24.10.2	ath79/generic	config.buildinfo	stored
24.10.2	ath79/generic	feeds.buildinfo	stored
24.10.2	ath79/generic	version.buildinfo	stored
24.10.2	ath79/generic	sha256sums	stored
24.10.2	ath79/generic	openwrt-24.10.2-ath79-generic.bom.cdx.json	stored
24.10.3	x86/64	openwrt-24.10.3-x86-64.manifest	stored
24.10.3	x86/64	config.buildinfo	stored
24.10.3	x86/64	feeds.buildinfo	stored
24.10.3	x86/64	version.buildinfo	stored
24.10.3	x86/64	sha256sums	stored
24.10.3	x86/64	openwrt-24.10.3-x86-64.bom.cdx.json	stored
24.10.3	ath79/generic	openwrt-24.10.3-ath79-generic.manifest	stored
24.10.3	ath79/generic	config.buildinfo	stored
24.10.3	ath79/generic	feeds.buildinfo	stored
24.10.3	ath79/generic	version.buildinfo	stored
24.10.3	ath79/generic	sha256sums	stored
24.10.3	ath79/generic	openwrt-24.10.3-ath79-generic.bom.cdx.json	stored
24.10.4	x86/64	openwrt-24.10.4-x86-64.manifest	stored
24.10.4	x86/64	config.buildinfo	stored
24.10.4	x86/64	feeds.buildinfo	stored
24.10.4	x86/64	version.buildinfo	stored
24.10.4	x86/64	sha256sums	stored
24.10.4	x86/64	openwrt-24.10.4-x86-64.bom.cdx.json	stored
24.10.4	ath79/generic	openwrt-24.10.4-ath79-generic.manifest	stored
24.10.4	ath79/generic	config.buildinfo	stored
24.10.4	ath79/generic	feeds.buildinfo	stored
24.10.4	ath79/generic	version.buildinfo	stored
24.10.4	ath79/generic	sha256sums	stored
24.10.4	ath79/generic	openwrt-24.10.4-ath79-generic.bom.cdx.json	stored
24.10.5	x86/64	openwrt-24.10.5-x86-64.manifest	stored
24.10.5	x86/64	config.buildinfo	stored
24.10.5	x86/64	feeds.buildinfo	stored
24.10.5	x86/64	version.buildinfo	stored
24.10.5	x86/64	sha256sums	stored
24.10.5	x86/64	openwrt-24.10.5-x86-64.bom.cdx.json	stored
24.10.5	ath79/generic	openwrt-24.10.5-ath79-generic.manifest	stored
24.10.5	ath79/generic	config.buildinfo	stored
24.10.5	ath79/generic	feeds.buildinfo	stored
24.10.5	ath79/generic	version.buildinfo	stored
24.10.5	ath79/generic	sha256sums	stored
24.10.5	ath79/generic	openwrt-24.10.5-ath79-generic.bom.cdx.json	stored
24.10.6	x86/64	openwrt-24.10.6-x86-64.manifest	stored
24.10.6	x86/64	config.buildinfo	stored
24.10.6	x86/64	feeds.buildinfo	stored
24.10.6	x86/64	version.buildinfo	stored
24.10.6	x86/64	sha256sums	stored
24.10.6	x86/64	openwrt-24.10.6-x86-64.bom.cdx.json	stored
24.10.6	ath79/generic	openwrt-24.10.6-ath79-generic.manifest	stored
24.10.6	ath79/generic	config.buildinfo	stored
24.10.6	ath79/generic	feeds.buildinfo	stored
24.10.6	ath79/generic	version.buildinfo	stored
24.10.6	ath79/generic	sha256sums	stored
24.10.6	ath79/generic	openwrt-24.10.6-ath79-generic.bom.cdx.json	stored
24.10.7	x86/64	openwrt-24.10.7-x86-64.manifest	stored
24.10.7	x86/64	config.buildinfo	stored
24.10.7	x86/64	feeds.buildinfo	stored
24.10.7	x86/64	version.buildinfo	stored
24.10.7	x86/64	sha256sums	stored
24.10.7	x86/64	openwrt-24.10.7-x86-64.bom.cdx.json	stored
24.10.7	ath79/generic	openwrt-24.10.7-ath79-generic.manifest	stored
24.10.7	ath79/generic	config.buildinfo	stored
24.10.7	ath79/generic	feeds.buildinfo	stored
24.10.7	ath79/generic	version.buildinfo	stored
24.10.7	ath79/generic	sha256sums	stored
24.10.7	ath79/generic	openwrt-24.10.7-ath79-generic.bom.cdx.json	stored
24.10.8	x86/64	openwrt-24.10.8-x86-64.manifest	stored
24.10.8	x86/64	config.buildinfo	stored
24.10.8	x86/64	feeds.buildinfo	stored
24.10.8	x86/64	version.buildinfo	stored
24.10.8	x86/64	sha256sums	stored
24.10.8	x86/64	openwrt-24.10.8-x86-64.bom.cdx.json	stored
24.10.8	ath79/generic	openwrt-24.10.8-ath79-generic.manifest	stored
24.10.8	ath79/generic	config.buildinfo	stored
24.10.8	ath79/generic	feeds.buildinfo	stored
24.10.8	ath79/generic	version.buildinfo	stored
24.10.8	ath79/generic	sha256sums	stored
24.10.8	ath79/generic	openwrt-24.10.8-ath79-generic.bom.cdx.json	stored
