case_id,release,target,package,cve_id,candidate_commit_sha,candidate_commit_subject,manifest_version,cve_description_pinned,source_facts_and_quote,source_locations,source_object_ids,review_instruction
OWV2-22.03.0-ath79-generic-busybox-CVE-2021-28831-13397b2b,22.03.0,ath79/generic,busybox,CVE-2021-28831,13397b2b95b4800fb0a29c3d483fa280d10f0eb0,busybox: backport fix for CVE-2021-28831,1.35.0-3,"decompress_gunzip.c in BusyBox through 1.32.1 mishandles the error bit on the huft_build result pointer, with a resultant invalid free or segmentation fault, via malformed gzip data.","CVE text: ""BusyBox through 1.32.1""; v22.03.0 recipe: ""PKG_VERSION:=1.35.0"".",research-os/data/openwrt-v2-snapshots/cvelistV5/CVE-2021-28831.json | research-os/data/openwrt-v2-snapshots/releases/22.03.0/ath79_generic/openwrt-22.03.0-ath79-generic.manifest | https://github.com/openwrt/openwrt/blob/v22.03.0/package/utils/busybox/Makefile,OpenWrt tag v22.03.0 (17bd6b04777d71d081ddf4ff8fbf44ccaf6f422e); CVEProgram cvelistV5@5657707bc397bc80237e9aea2d7e01994208f1b2,"Independently select affected, not_affected, or insufficient_evidence from these official facts only; do not assess exploitability. Do not infer from missing evidence."
OWV2-22.03.0-ath79-generic-dropbear-CVE-2018-15473-2211ee00,22.03.0,ath79/generic,dropbear,CVE-2018-15473,2211ee0037764e1c6b1576fe7a0975722cd4acdc,dropbear: backport upstream fix for CVE-2018-15599,2022.82-2,"OpenSSH through 7.7 is prone to a user enumeration vulnerability due to not delaying bailout for an invalid authenticating user until after the packet containing the request has been fully parsed, related to auth2-gss.c, auth2-hostbased.c, and auth2-pubkey.c.","CVE text names ""OpenSSH through 7.7""; frozen manifest and v22.03.0 recipe identify the package as Dropbear 2022.82.",research-os/data/openwrt-v2-snapshots/cvelistV5/CVE-2018-15473.json | research-os/data/openwrt-v2-snapshots/releases/22.03.0/ath79_generic/openwrt-22.03.0-ath79-generic.manifest | https://github.com/openwrt/openwrt/blob/v22.03.0/package/network/services/dropbear/Makefile,OpenWrt tag v22.03.0 (17bd6b04777d71d081ddf4ff8fbf44ccaf6f422e); CVEProgram cvelistV5@5657707bc397bc80237e9aea2d7e01994208f1b2,"Independently select affected, not_affected, or insufficient_evidence from these official facts only; do not assess exploitability. Do not infer from missing evidence."
OWV2-22.03.0-ath79-generic-dropbear-CVE-2018-15599-2211ee00,22.03.0,ath79/generic,dropbear,CVE-2018-15599,2211ee0037764e1c6b1576fe7a0975722cd4acdc,dropbear: backport upstream fix for CVE-2018-15599,2022.82-2,"The recv_msg_userauth_request function in svr-auth.c in Dropbear through 2018.76 is prone to a user enumeration vulnerability because username validity affects how fields in SSH_MSG_USERAUTH messages are handled, a similar issue to CVE-2018-15473 in an unrelated codebase.","CVE text: ""Dropbear through 2018.76""; v22.03.0 recipe: ""PKG_VERSION:=2022.82"".",research-os/data/openwrt-v2-snapshots/cvelistV5/CVE-2018-15599.json | research-os/data/openwrt-v2-snapshots/releases/22.03.0/ath79_generic/openwrt-22.03.0-ath79-generic.manifest | https://github.com/openwrt/openwrt/blob/v22.03.0/package/network/services/dropbear/Makefile,OpenWrt tag v22.03.0 (17bd6b04777d71d081ddf4ff8fbf44ccaf6f422e); CVEProgram cvelistV5@5657707bc397bc80237e9aea2d7e01994208f1b2,"Independently select affected, not_affected, or insufficient_evidence from these official facts only; do not assess exploitability. Do not infer from missing evidence."
OWV2-22.03.0-ath79-generic-ppp-CVE-2020-8597-35890514,22.03.0,ath79/generic,ppp,CVE-2020-8597,35890514bb191de3ab96dcd684714850a9142efc,ppp: backport security fixes,2.4.9.git-2021-01-04-3,eap.c in pppd in ppp 2.4.2 through 2.4.8 has an rhostname buffer overflow in the eap_request and eap_response functions.,"CVE text: ""ppp 2.4.2 through 2.4.8""; v22.03.0 recipe: ""PKG_RELEASE_VERSION:=2.4.9"".",research-os/data/openwrt-v2-snapshots/cvelistV5/CVE-2020-8597.json | research-os/data/openwrt-v2-snapshots/releases/22.03.0/ath79_generic/openwrt-22.03.0-ath79-generic.manifest | https://github.com/openwrt/openwrt/blob/v22.03.0/package/network/services/ppp/Makefile,OpenWrt tag v22.03.0 (17bd6b04777d71d081ddf4ff8fbf44ccaf6f422e); CVEProgram cvelistV5@5657707bc397bc80237e9aea2d7e01994208f1b2,"Independently select affected, not_affected, or insufficient_evidence from these official facts only; do not assess exploitability. Do not infer from missing evidence."
OWV2-22.03.0-ath79-generic-kernel-CVE-2016-5696-3c2c31bb,22.03.0,ath79/generic,kernel,CVE-2016-5696,3c2c31bb66e5b247ffbb3cafac2a21d441daef39,kernel: backport upstream challenge ACK fix (CVE-2016-5696),5.10.138-1-abf0c66378f3d0588b20489662c12426,"net/ipv4/tcp_input.c in the Linux kernel before 4.7 does not properly determine the rate of challenge ACK segments, which makes it easier for remote attackers to hijack TCP sessions via a blind in-window attack.","CVE text: ""Linux kernel before 4.7""; frozen manifest: ""kernel - 5.10.138-1-..."".",research-os/data/openwrt-v2-snapshots/cvelistV5/CVE-2016-5696.json | research-os/data/openwrt-v2-snapshots/releases/22.03.0/ath79_generic/openwrt-22.03.0-ath79-generic.manifest | https://github.com/openwrt/openwrt/blob/v22.03.0/include/kernel-version.mk,OpenWrt tag v22.03.0 (17bd6b04777d71d081ddf4ff8fbf44ccaf6f422e); CVEProgram cvelistV5@5657707bc397bc80237e9aea2d7e01994208f1b2,"Independently select affected, not_affected, or insufficient_evidence from these official facts only; do not assess exploitability. Do not infer from missing evidence."
OWV2-22.03.0-ath79-generic-busybox-CVE-2021-28831-6713fe03,22.03.0,ath79/generic,busybox,CVE-2021-28831,6713fe030fca32fc3d5ad9761f3b2f96501aedd6,busybox: update to 1.33.1,1.35.0-3,"decompress_gunzip.c in BusyBox through 1.32.1 mishandles the error bit on the huft_build result pointer, with a resultant invalid free or segmentation fault, via malformed gzip data.","CVE text: ""BusyBox through 1.32.1""; v22.03.0 recipe: ""PKG_VERSION:=1.35.0"".",research-os/data/openwrt-v2-snapshots/cvelistV5/CVE-2021-28831.json | research-os/data/openwrt-v2-snapshots/releases/22.03.0/ath79_generic/openwrt-22.03.0-ath79-generic.manifest | https://github.com/openwrt/openwrt/blob/v22.03.0/package/utils/busybox/Makefile,OpenWrt tag v22.03.0 (17bd6b04777d71d081ddf4ff8fbf44ccaf6f422e); CVEProgram cvelistV5@5657707bc397bc80237e9aea2d7e01994208f1b2,"Independently select affected, not_affected, or insufficient_evidence from these official facts only; do not assess exploitability. Do not infer from missing evidence."
OWV2-22.03.0-ath79-generic-busybox-CVE-2017-16544-7c0a2bc9,22.03.0,ath79/generic,busybox,CVE-2017-16544,7c0a2bc93077f52c033e406864b34af3a4fab245,busybox: backport cve-2017-16544 fix,1.35.0-3,"In the add_match function in libbb/lineedit.c in BusyBox through 1.27.2, the tab autocomplete feature of the shell, used to get a list of filenames in a directory, does not sanitize filenames and results in executing any escape sequence in the terminal. This could potentially result in code execution, arbitrary file writes, or other attacks.","CVE text: ""BusyBox through 1.27.2""; v22.03.0 recipe: ""PKG_VERSION:=1.35.0"".",research-os/data/openwrt-v2-snapshots/cvelistV5/CVE-2017-16544.json | research-os/data/openwrt-v2-snapshots/releases/22.03.0/ath79_generic/openwrt-22.03.0-ath79-generic.manifest | https://github.com/openwrt/openwrt/blob/v22.03.0/package/utils/busybox/Makefile,OpenWrt tag v22.03.0 (17bd6b04777d71d081ddf4ff8fbf44ccaf6f422e); CVEProgram cvelistV5@5657707bc397bc80237e9aea2d7e01994208f1b2,"Independently select affected, not_affected, or insufficient_evidence from these official facts only; do not assess exploitability. Do not infer from missing evidence."
OWV2-22.03.0-ath79-generic-kernel-CVE-2017-8824-88ba4145,22.03.0,ath79/generic,kernel,CVE-2017-8824,88ba41453dbc65e1d5d596073d66bdf2e59a43a1,kernel: bump 4.14 to 4.14.20,5.10.138-1-abf0c66378f3d0588b20489662c12426,The dccp_disconnect function in net/dccp/proto.c in the Linux kernel through 4.14.3 allows local users to gain privileges or cause a denial of service (use-after-free) via an AF_UNSPEC connect system call during the DCCP_LISTEN state.,"CVE text: ""Linux kernel through 4.14.3""; frozen manifest: ""kernel - 5.10.138-1-..."".",research-os/data/openwrt-v2-snapshots/cvelistV5/CVE-2017-8824.json | research-os/data/openwrt-v2-snapshots/releases/22.03.0/ath79_generic/openwrt-22.03.0-ath79-generic.manifest | https://github.com/openwrt/openwrt/blob/v22.03.0/include/kernel-version.mk,OpenWrt tag v22.03.0 (17bd6b04777d71d081ddf4ff8fbf44ccaf6f422e); CVEProgram cvelistV5@5657707bc397bc80237e9aea2d7e01994208f1b2,"Independently select affected, not_affected, or insufficient_evidence from these official facts only; do not assess exploitability. Do not infer from missing evidence."
OWV2-22.03.0-ath79-generic-dnsmasq-CVE-2017-13704-9a753c49,22.03.0,ath79/generic,dnsmasq,CVE-2017-13704,9a753c49ea7053f3592f9ec1ce9d97882edb332d,dnsmasq: backport official fix for CVE-2017-13704,2.86-14,"In dnsmasq before 2.78, if the DNS packet size does not match the expected size, the size parameter in a memset call gets a negative value. As it is an unsigned value, memset ends up writing up to 0xffffffff zero's (0xffffffffffffffff in 64 bit platforms), making dnsmasq crash.","CVE text: ""dnsmasq before 2.78""; v22.03.0 recipe: ""PKG_UPSTREAM_VERSION:=2.86"".",research-os/data/openwrt-v2-snapshots/cvelistV5/CVE-2017-13704.json | research-os/data/openwrt-v2-snapshots/releases/22.03.0/ath79_generic/openwrt-22.03.0-ath79-generic.manifest | https://github.com/openwrt/openwrt/blob/v22.03.0/package/network/services/dnsmasq/Makefile,OpenWrt tag v22.03.0 (17bd6b04777d71d081ddf4ff8fbf44ccaf6f422e); CVEProgram cvelistV5@5657707bc397bc80237e9aea2d7e01994208f1b2,"Independently select affected, not_affected, or insufficient_evidence from these official facts only; do not assess exploitability. Do not infer from missing evidence."
OWV2-22.03.0-ath79-generic-dnsmasq-CVE-2017-15107-a3198061,22.03.0,ath79/generic,dnsmasq,CVE-2017-15107,a3198061f80a7f3933810cd99206b085e4cf49f9,dnsmasq: backport dnssec security fix,2.86-14,A vulnerability was found in the implementation of DNSSEC in Dnsmasq up to and including 2.78. Wildcard synthesized NSEC records could be improperly interpreted to prove the non-existence of hostnames that actually exist.,"CVE text: ""Dnsmasq up to and including 2.78""; v22.03.0 recipe: ""PKG_UPSTREAM_VERSION:=2.86"".",research-os/data/openwrt-v2-snapshots/cvelistV5/CVE-2017-15107.json | research-os/data/openwrt-v2-snapshots/releases/22.03.0/ath79_generic/openwrt-22.03.0-ath79-generic.manifest | https://github.com/openwrt/openwrt/blob/v22.03.0/package/network/services/dnsmasq/Makefile,OpenWrt tag v22.03.0 (17bd6b04777d71d081ddf4ff8fbf44ccaf6f422e); CVEProgram cvelistV5@5657707bc397bc80237e9aea2d7e01994208f1b2,"Independently select affected, not_affected, or insufficient_evidence from these official facts only; do not assess exploitability. Do not infer from missing evidence."
OWV2-22.03.0-ath79-generic-dnsmasq-CVE-2017-15107-adaf1cbc,22.03.0,ath79/generic,dnsmasq,CVE-2017-15107,adaf1cbcc8b253ea807dbe0416b4b04c33dceadf,dnsmasq: backport validation fix in dnssec security fix,2.86-14,A vulnerability was found in the implementation of DNSSEC in Dnsmasq up to and including 2.78. Wildcard synthesized NSEC records could be improperly interpreted to prove the non-existence of hostnames that actually exist.,"CVE text: ""Dnsmasq up to and including 2.78""; v22.03.0 recipe: ""PKG_UPSTREAM_VERSION:=2.86"".",research-os/data/openwrt-v2-snapshots/cvelistV5/CVE-2017-15107.json | research-os/data/openwrt-v2-snapshots/releases/22.03.0/ath79_generic/openwrt-22.03.0-ath79-generic.manifest | https://github.com/openwrt/openwrt/blob/v22.03.0/package/network/services/dnsmasq/Makefile,OpenWrt tag v22.03.0 (17bd6b04777d71d081ddf4ff8fbf44ccaf6f422e); CVEProgram cvelistV5@5657707bc397bc80237e9aea2d7e01994208f1b2,"Independently select affected, not_affected, or insufficient_evidence from these official facts only; do not assess exploitability. Do not infer from missing evidence."
OWV2-22.03.0-ath79-generic-kernel-CVE-2017-17741-d8565a06,22.03.0,ath79/generic,kernel,CVE-2017-17741,d8565a06dc01b55ed1018d571e655c122b9d2a33,kernel: bump 4.9 to 4.9.77,5.10.138-1-abf0c66378f3d0588b20489662c12426,"The KVM implementation in the Linux kernel through 4.14.7 allows attackers to obtain potentially sensitive information from kernel memory, aka a write_mmio stack-based out-of-bounds read, related to arch/x86/kvm/x86.c and include/trace/events/kvm.h.","CVE text: ""Linux kernel through 4.14.7""; frozen manifest: ""kernel - 5.10.138-1-..."".",research-os/data/openwrt-v2-snapshots/cvelistV5/CVE-2017-17741.json | research-os/data/openwrt-v2-snapshots/releases/22.03.0/ath79_generic/openwrt-22.03.0-ath79-generic.manifest | https://github.com/openwrt/openwrt/blob/v22.03.0/include/kernel-version.mk,OpenWrt tag v22.03.0 (17bd6b04777d71d081ddf4ff8fbf44ccaf6f422e); CVEProgram cvelistV5@5657707bc397bc80237e9aea2d7e01994208f1b2,"Independently select affected, not_affected, or insufficient_evidence from these official facts only; do not assess exploitability. Do not infer from missing evidence."
OWV2-22.03.0-ath79-generic-kernel-CVE-2017-8824-f621b539,22.03.0,ath79/generic,kernel,CVE-2017-8824,f621b539512e5b6c83dd2de1bc2dba06e40cd7ea,kernel: bump 4.9 to 4.9.82,5.10.138-1-abf0c66378f3d0588b20489662c12426,The dccp_disconnect function in net/dccp/proto.c in the Linux kernel through 4.14.3 allows local users to gain privileges or cause a denial of service (use-after-free) via an AF_UNSPEC connect system call during the DCCP_LISTEN state.,"CVE text: ""Linux kernel through 4.14.3""; frozen manifest: ""kernel - 5.10.138-1-..."".",research-os/data/openwrt-v2-snapshots/cvelistV5/CVE-2017-8824.json | research-os/data/openwrt-v2-snapshots/releases/22.03.0/ath79_generic/openwrt-22.03.0-ath79-generic.manifest | https://github.com/openwrt/openwrt/blob/v22.03.0/include/kernel-version.mk,OpenWrt tag v22.03.0 (17bd6b04777d71d081ddf4ff8fbf44ccaf6f422e); CVEProgram cvelistV5@5657707bc397bc80237e9aea2d7e01994208f1b2,"Independently select affected, not_affected, or insufficient_evidence from these official facts only; do not assess exploitability. Do not infer from missing evidence."
OWV2-22.03.0-x86-64-busybox-CVE-2021-28831-13397b2b,22.03.0,x86/64,busybox,CVE-2021-28831,13397b2b95b4800fb0a29c3d483fa280d10f0eb0,busybox: backport fix for CVE-2021-28831,1.35.0-3,"decompress_gunzip.c in BusyBox through 1.32.1 mishandles the error bit on the huft_build result pointer, with a resultant invalid free or segmentation fault, via malformed gzip data.","CVE text: ""BusyBox through 1.32.1""; v22.03.0 recipe: ""PKG_VERSION:=1.35.0"".",research-os/data/openwrt-v2-snapshots/cvelistV5/CVE-2021-28831.json | research-os/data/openwrt-v2-snapshots/releases/22.03.0/x86_64/openwrt-22.03.0-x86-64.manifest | https://github.com/openwrt/openwrt/blob/v22.03.0/package/utils/busybox/Makefile,OpenWrt tag v22.03.0 (17bd6b04777d71d081ddf4ff8fbf44ccaf6f422e); CVEProgram cvelistV5@5657707bc397bc80237e9aea2d7e01994208f1b2,"Independently select affected, not_affected, or insufficient_evidence from these official facts only; do not assess exploitability. Do not infer from missing evidence."
OWV2-22.03.0-x86-64-dropbear-CVE-2018-15473-2211ee00,22.03.0,x86/64,dropbear,CVE-2018-15473,2211ee0037764e1c6b1576fe7a0975722cd4acdc,dropbear: backport upstream fix for CVE-2018-15599,2022.82-2,"OpenSSH through 7.7 is prone to a user enumeration vulnerability due to not delaying bailout for an invalid authenticating user until after the packet containing the request has been fully parsed, related to auth2-gss.c, auth2-hostbased.c, and auth2-pubkey.c.","CVE text names ""OpenSSH through 7.7""; frozen manifest and v22.03.0 recipe identify the package as Dropbear 2022.82.",research-os/data/openwrt-v2-snapshots/cvelistV5/CVE-2018-15473.json | research-os/data/openwrt-v2-snapshots/releases/22.03.0/x86_64/openwrt-22.03.0-x86-64.manifest | https://github.com/openwrt/openwrt/blob/v22.03.0/package/network/services/dropbear/Makefile,OpenWrt tag v22.03.0 (17bd6b04777d71d081ddf4ff8fbf44ccaf6f422e); CVEProgram cvelistV5@5657707bc397bc80237e9aea2d7e01994208f1b2,"Independently select affected, not_affected, or insufficient_evidence from these official facts only; do not assess exploitability. Do not infer from missing evidence."
OWV2-22.03.0-x86-64-dropbear-CVE-2018-15599-2211ee00,22.03.0,x86/64,dropbear,CVE-2018-15599,2211ee0037764e1c6b1576fe7a0975722cd4acdc,dropbear: backport upstream fix for CVE-2018-15599,2022.82-2,"The recv_msg_userauth_request function in svr-auth.c in Dropbear through 2018.76 is prone to a user enumeration vulnerability because username validity affects how fields in SSH_MSG_USERAUTH messages are handled, a similar issue to CVE-2018-15473 in an unrelated codebase.","CVE text: ""Dropbear through 2018.76""; v22.03.0 recipe: ""PKG_VERSION:=2022.82"".",research-os/data/openwrt-v2-snapshots/cvelistV5/CVE-2018-15599.json | research-os/data/openwrt-v2-snapshots/releases/22.03.0/x86_64/openwrt-22.03.0-x86-64.manifest | https://github.com/openwrt/openwrt/blob/v22.03.0/package/network/services/dropbear/Makefile,OpenWrt tag v22.03.0 (17bd6b04777d71d081ddf4ff8fbf44ccaf6f422e); CVEProgram cvelistV5@5657707bc397bc80237e9aea2d7e01994208f1b2,"Independently select affected, not_affected, or insufficient_evidence from these official facts only; do not assess exploitability. Do not infer from missing evidence."
OWV2-22.03.0-x86-64-ppp-CVE-2020-8597-35890514,22.03.0,x86/64,ppp,CVE-2020-8597,35890514bb191de3ab96dcd684714850a9142efc,ppp: backport security fixes,2.4.9.git-2021-01-04-3,eap.c in pppd in ppp 2.4.2 through 2.4.8 has an rhostname buffer overflow in the eap_request and eap_response functions.,"CVE text: ""ppp 2.4.2 through 2.4.8""; v22.03.0 recipe: ""PKG_RELEASE_VERSION:=2.4.9"".",research-os/data/openwrt-v2-snapshots/cvelistV5/CVE-2020-8597.json | research-os/data/openwrt-v2-snapshots/releases/22.03.0/x86_64/openwrt-22.03.0-x86-64.manifest | https://github.com/openwrt/openwrt/blob/v22.03.0/package/network/services/ppp/Makefile,OpenWrt tag v22.03.0 (17bd6b04777d71d081ddf4ff8fbf44ccaf6f422e); CVEProgram cvelistV5@5657707bc397bc80237e9aea2d7e01994208f1b2,"Independently select affected, not_affected, or insufficient_evidence from these official facts only; do not assess exploitability. Do not infer from missing evidence."
OWV2-22.03.0-x86-64-kernel-CVE-2016-5696-3c2c31bb,22.03.0,x86/64,kernel,CVE-2016-5696,3c2c31bb66e5b247ffbb3cafac2a21d441daef39,kernel: backport upstream challenge ACK fix (CVE-2016-5696),5.10.138-1-789565457d2f287975d7d943ddbe4eeb,"net/ipv4/tcp_input.c in the Linux kernel before 4.7 does not properly determine the rate of challenge ACK segments, which makes it easier for remote attackers to hijack TCP sessions via a blind in-window attack.","CVE text: ""Linux kernel before 4.7""; frozen manifest: ""kernel - 5.10.138-1-..."".",research-os/data/openwrt-v2-snapshots/cvelistV5/CVE-2016-5696.json | research-os/data/openwrt-v2-snapshots/releases/22.03.0/x86_64/openwrt-22.03.0-x86-64.manifest | https://github.com/openwrt/openwrt/blob/v22.03.0/include/kernel-version.mk,OpenWrt tag v22.03.0 (17bd6b04777d71d081ddf4ff8fbf44ccaf6f422e); CVEProgram cvelistV5@5657707bc397bc80237e9aea2d7e01994208f1b2,"Independently select affected, not_affected, or insufficient_evidence from these official facts only; do not assess exploitability. Do not infer from missing evidence."
OWV2-22.03.0-x86-64-busybox-CVE-2021-28831-6713fe03,22.03.0,x86/64,busybox,CVE-2021-28831,6713fe030fca32fc3d5ad9761f3b2f96501aedd6,busybox: update to 1.33.1,1.35.0-3,"decompress_gunzip.c in BusyBox through 1.32.1 mishandles the error bit on the huft_build result pointer, with a resultant invalid free or segmentation fault, via malformed gzip data.","CVE text: ""BusyBox through 1.32.1""; v22.03.0 recipe: ""PKG_VERSION:=1.35.0"".",research-os/data/openwrt-v2-snapshots/cvelistV5/CVE-2021-28831.json | research-os/data/openwrt-v2-snapshots/releases/22.03.0/x86_64/openwrt-22.03.0-x86-64.manifest | https://github.com/openwrt/openwrt/blob/v22.03.0/package/utils/busybox/Makefile,OpenWrt tag v22.03.0 (17bd6b04777d71d081ddf4ff8fbf44ccaf6f422e); CVEProgram cvelistV5@5657707bc397bc80237e9aea2d7e01994208f1b2,"Independently select affected, not_affected, or insufficient_evidence from these official facts only; do not assess exploitability. Do not infer from missing evidence."
OWV2-22.03.0-x86-64-busybox-CVE-2017-16544-7c0a2bc9,22.03.0,x86/64,busybox,CVE-2017-16544,7c0a2bc93077f52c033e406864b34af3a4fab245,busybox: backport cve-2017-16544 fix,1.35.0-3,"In the add_match function in libbb/lineedit.c in BusyBox through 1.27.2, the tab autocomplete feature of the shell, used to get a list of filenames in a directory, does not sanitize filenames and results in executing any escape sequence in the terminal. This could potentially result in code execution, arbitrary file writes, or other attacks.","CVE text: ""BusyBox through 1.27.2""; v22.03.0 recipe: ""PKG_VERSION:=1.35.0"".",research-os/data/openwrt-v2-snapshots/cvelistV5/CVE-2017-16544.json | research-os/data/openwrt-v2-snapshots/releases/22.03.0/x86_64/openwrt-22.03.0-x86-64.manifest | https://github.com/openwrt/openwrt/blob/v22.03.0/package/utils/busybox/Makefile,OpenWrt tag v22.03.0 (17bd6b04777d71d081ddf4ff8fbf44ccaf6f422e); CVEProgram cvelistV5@5657707bc397bc80237e9aea2d7e01994208f1b2,"Independently select affected, not_affected, or insufficient_evidence from these official facts only; do not assess exploitability. Do not infer from missing evidence."
OWV2-22.03.0-x86-64-kernel-CVE-2017-8824-88ba4145,22.03.0,x86/64,kernel,CVE-2017-8824,88ba41453dbc65e1d5d596073d66bdf2e59a43a1,kernel: bump 4.14 to 4.14.20,5.10.138-1-789565457d2f287975d7d943ddbe4eeb,The dccp_disconnect function in net/dccp/proto.c in the Linux kernel through 4.14.3 allows local users to gain privileges or cause a denial of service (use-after-free) via an AF_UNSPEC connect system call during the DCCP_LISTEN state.,"CVE text: ""Linux kernel through 4.14.3""; frozen manifest: ""kernel - 5.10.138-1-..."".",research-os/data/openwrt-v2-snapshots/cvelistV5/CVE-2017-8824.json | research-os/data/openwrt-v2-snapshots/releases/22.03.0/x86_64/openwrt-22.03.0-x86-64.manifest | https://github.com/openwrt/openwrt/blob/v22.03.0/include/kernel-version.mk,OpenWrt tag v22.03.0 (17bd6b04777d71d081ddf4ff8fbf44ccaf6f422e); CVEProgram cvelistV5@5657707bc397bc80237e9aea2d7e01994208f1b2,"Independently select affected, not_affected, or insufficient_evidence from these official facts only; do not assess exploitability. Do not infer from missing evidence."
OWV2-22.03.0-x86-64-dnsmasq-CVE-2017-13704-9a753c49,22.03.0,x86/64,dnsmasq,CVE-2017-13704,9a753c49ea7053f3592f9ec1ce9d97882edb332d,dnsmasq: backport official fix for CVE-2017-13704,2.86-14,"In dnsmasq before 2.78, if the DNS packet size does not match the expected size, the size parameter in a memset call gets a negative value. As it is an unsigned value, memset ends up writing up to 0xffffffff zero's (0xffffffffffffffff in 64 bit platforms), making dnsmasq crash.","CVE text: ""dnsmasq before 2.78""; v22.03.0 recipe: ""PKG_UPSTREAM_VERSION:=2.86"".",research-os/data/openwrt-v2-snapshots/cvelistV5/CVE-2017-13704.json | research-os/data/openwrt-v2-snapshots/releases/22.03.0/x86_64/openwrt-22.03.0-x86-64.manifest | https://github.com/openwrt/openwrt/blob/v22.03.0/package/network/services/dnsmasq/Makefile,OpenWrt tag v22.03.0 (17bd6b04777d71d081ddf4ff8fbf44ccaf6f422e); CVEProgram cvelistV5@5657707bc397bc80237e9aea2d7e01994208f1b2,"Independently select affected, not_affected, or insufficient_evidence from these official facts only; do not assess exploitability. Do not infer from missing evidence."
OWV2-22.03.0-x86-64-dnsmasq-CVE-2017-15107-a3198061,22.03.0,x86/64,dnsmasq,CVE-2017-15107,a3198061f80a7f3933810cd99206b085e4cf49f9,dnsmasq: backport dnssec security fix,2.86-14,A vulnerability was found in the implementation of DNSSEC in Dnsmasq up to and including 2.78. Wildcard synthesized NSEC records could be improperly interpreted to prove the non-existence of hostnames that actually exist.,"CVE text: ""Dnsmasq up to and including 2.78""; v22.03.0 recipe: ""PKG_UPSTREAM_VERSION:=2.86"".",research-os/data/openwrt-v2-snapshots/cvelistV5/CVE-2017-15107.json | research-os/data/openwrt-v2-snapshots/releases/22.03.0/x86_64/openwrt-22.03.0-x86-64.manifest | https://github.com/openwrt/openwrt/blob/v22.03.0/package/network/services/dnsmasq/Makefile,OpenWrt tag v22.03.0 (17bd6b04777d71d081ddf4ff8fbf44ccaf6f422e); CVEProgram cvelistV5@5657707bc397bc80237e9aea2d7e01994208f1b2,"Independently select affected, not_affected, or insufficient_evidence from these official facts only; do not assess exploitability. Do not infer from missing evidence."
OWV2-22.03.0-x86-64-dnsmasq-CVE-2017-15107-adaf1cbc,22.03.0,x86/64,dnsmasq,CVE-2017-15107,adaf1cbcc8b253ea807dbe0416b4b04c33dceadf,dnsmasq: backport validation fix in dnssec security fix,2.86-14,A vulnerability was found in the implementation of DNSSEC in Dnsmasq up to and including 2.78. Wildcard synthesized NSEC records could be improperly interpreted to prove the non-existence of hostnames that actually exist.,"CVE text: ""Dnsmasq up to and including 2.78""; v22.03.0 recipe: ""PKG_UPSTREAM_VERSION:=2.86"".",research-os/data/openwrt-v2-snapshots/cvelistV5/CVE-2017-15107.json | research-os/data/openwrt-v2-snapshots/releases/22.03.0/x86_64/openwrt-22.03.0-x86-64.manifest | https://github.com/openwrt/openwrt/blob/v22.03.0/package/network/services/dnsmasq/Makefile,OpenWrt tag v22.03.0 (17bd6b04777d71d081ddf4ff8fbf44ccaf6f422e); CVEProgram cvelistV5@5657707bc397bc80237e9aea2d7e01994208f1b2,"Independently select affected, not_affected, or insufficient_evidence from these official facts only; do not assess exploitability. Do not infer from missing evidence."
OWV2-22.03.0-x86-64-kernel-CVE-2017-17741-d8565a06,22.03.0,x86/64,kernel,CVE-2017-17741,d8565a06dc01b55ed1018d571e655c122b9d2a33,kernel: bump 4.9 to 4.9.77,5.10.138-1-789565457d2f287975d7d943ddbe4eeb,"The KVM implementation in the Linux kernel through 4.14.7 allows attackers to obtain potentially sensitive information from kernel memory, aka a write_mmio stack-based out-of-bounds read, related to arch/x86/kvm/x86.c and include/trace/events/kvm.h.","CVE text: ""Linux kernel through 4.14.7""; frozen manifest: ""kernel - 5.10.138-1-..."".",research-os/data/openwrt-v2-snapshots/cvelistV5/CVE-2017-17741.json | research-os/data/openwrt-v2-snapshots/releases/22.03.0/x86_64/openwrt-22.03.0-x86-64.manifest | https://github.com/openwrt/openwrt/blob/v22.03.0/include/kernel-version.mk,OpenWrt tag v22.03.0 (17bd6b04777d71d081ddf4ff8fbf44ccaf6f422e); CVEProgram cvelistV5@5657707bc397bc80237e9aea2d7e01994208f1b2,"Independently select affected, not_affected, or insufficient_evidence from these official facts only; do not assess exploitability. Do not infer from missing evidence."
OWV2-22.03.0-x86-64-kernel-CVE-2017-8824-f621b539,22.03.0,x86/64,kernel,CVE-2017-8824,f621b539512e5b6c83dd2de1bc2dba06e40cd7ea,kernel: bump 4.9 to 4.9.82,5.10.138-1-789565457d2f287975d7d943ddbe4eeb,The dccp_disconnect function in net/dccp/proto.c in the Linux kernel through 4.14.3 allows local users to gain privileges or cause a denial of service (use-after-free) via an AF_UNSPEC connect system call during the DCCP_LISTEN state.,"CVE text: ""Linux kernel through 4.14.3""; frozen manifest: ""kernel - 5.10.138-1-..."".",research-os/data/openwrt-v2-snapshots/cvelistV5/CVE-2017-8824.json | research-os/data/openwrt-v2-snapshots/releases/22.03.0/x86_64/openwrt-22.03.0-x86-64.manifest | https://github.com/openwrt/openwrt/blob/v22.03.0/include/kernel-version.mk,OpenWrt tag v22.03.0 (17bd6b04777d71d081ddf4ff8fbf44ccaf6f422e); CVEProgram cvelistV5@5657707bc397bc80237e9aea2d7e01994208f1b2,"Independently select affected, not_affected, or insufficient_evidence from these official facts only; do not assess exploitability. Do not infer from missing evidence."
OWV2-22.03.7-ath79-generic-dropbear-CVE-2023-36328-38cea0be,22.03.7,ath79/generic,dropbear,CVE-2023-36328,38cea0bea17941b7a392fcdbef4faec2d146a398,dropbear: cherry-pick upstream patches,2022.82-4,"Integer Overflow vulnerability in mp_grow in libtom libtommath before commit beba892bc0d4e4ded4d667ab1d2a94f4d75109a9, allows attackers to execute arbitrary code and cause a denial of service (DoS).","OpenWrt commit calls this a critical ""libtommath: possible integer overflow (CVE-2023-36328)"" fix; identical patch blob is present in v22.03.7.",research-os/data/openwrt-v2-snapshots/cvelistV5/CVE-2023-36328.json | research-os/data/openwrt-v2-snapshots/releases/22.03.7/ath79_generic/openwrt-22.03.7-ath79-generic.manifest | https://github.com/openwrt/openwrt/commit/38cea0bea17941b7a392fcdbef4faec2d146a398 | https://github.com/openwrt/openwrt/blob/v22.03.7/package/network/services/dropbear/patches/015-libtommath-fix-possible-integer-overflow.patch,OpenWrt v22.03.7 (b5dc35c8bb260e56ab7280264fb9270544a7d69f); CVE-linked commit 38cea0bea17941b7a392fcdbef4faec2d146a398; tag patch blob f39417adb79482add3d884eb4716a05926d458b6; CVEProgram cvelistV5@5657707bc397bc80237e9aea2d7e01994208f1b2,"Independently select affected, not_affected, or insufficient_evidence from these official facts only; do not assess exploitability. Do not infer from missing evidence."
OWV2-22.03.7-ath79-generic-dropbear-CVE-2023-48795-38cea0be,22.03.7,ath79/generic,dropbear,CVE-2023-48795,38cea0bea17941b7a392fcdbef4faec2d146a398,dropbear: cherry-pick upstream patches,2022.82-4,"The SSH transport protocol with certain OpenSSH extensions, found in OpenSSH before 9.6 and other products, allows remote attackers to bypass integrity checks such that some packets are omitted (from the extension negotiation message), and a client and server may consequently end up with a connection for which some security features have been downgraded or disabled, aka a Terrapin attack. This occurs because the SSH Binary Packet Protocol (BPP), implemented by these extensions, mishandles the handshake phase and mishandles use of sequence numbers. For example, there is an effective attack against SSH's use of ChaCha20-Poly1305 (and CBC with Encrypt-then-MAC). The bypass occurs in chacha20-poly1305@openssh.com and (if CBC is used) the -etm@openssh.com MAC algorithms. This also affects Maverick Synergy Java SSH API before 3.1.0-SNAPSHOT, Dropbear through 2022.83, Ssh before 5.1.1 in Erlang/OTP, PuTTY before 0.80, AsyncSSH before 2.14.2, golang.org/x/crypto before 0.17.0, libssh before 0.10.6, libssh2 through 1.11.0, Thorn Tech SFTP Gateway before 3.4.6, Tera Term before 5.1, Paramiko before 3.4.0, jsch before 0.2.15, SFTPGo before 2.5.6, Netgate pfSense Plus through 23.09.1, Netgate pfSense CE through 2.7.2, HPN-SSH through 18.2.0, ProFTPD before 1.3.8b (and before 1.3.9rc2), ORYX CycloneSSH before 2.3.4, NetSarang XShell 7 before Build 0144, CrushFTP before 10.6.0, ConnectBot SSH library before 2.2.22, Apache MINA sshd through 2.11.0, sshj through 0.37.0, TinySSH through 20230101, trilead-ssh2 6401, LANCOM LCOS and LANconfig, FileZilla before 3.66.4, Nova before 11.8, PKIX-SSH before 14.4, SecureCRT before 9.4.3, Transmit5 before 5.10.4, Win32-OpenSSH before 9.5.0.0p1-Beta, WinSCP before 6.2.2, Bitvise SSH Server before 9.32, Bitvise SSH Client before 9.33, KiTTY through 0.76.1.13, the net-ssh gem 7.2.0 for Ruby, the mscdex ssh2 module before 1.15.0 for Node.js, the thrussh library before 0.35.1 for Rust, and the Russh crate before 0.40.2 for Rust.","OpenWrt commit calls this a critical ""implement Strict KEX mode (CVE-2023-48795)"" fix; identical patch blob is present in v22.03.7.",research-os/data/openwrt-v2-snapshots/cvelistV5/CVE-2023-48795.json | research-os/data/openwrt-v2-snapshots/releases/22.03.7/ath79_generic/openwrt-22.03.7-ath79-generic.manifest | https://github.com/openwrt/openwrt/commit/38cea0bea17941b7a392fcdbef4faec2d146a398 | https://github.com/openwrt/openwrt/blob/v22.03.7/package/network/services/dropbear/patches/021-Implement-Strict-KEX-mode.patch,OpenWrt v22.03.7 (b5dc35c8bb260e56ab7280264fb9270544a7d69f); CVE-linked commit 38cea0bea17941b7a392fcdbef4faec2d146a398; tag patch blob e4a279b9ab73953d8d2f2b51ac3196712c4f61b7; CVEProgram cvelistV5@5657707bc397bc80237e9aea2d7e01994208f1b2,"Independently select affected, not_affected, or insufficient_evidence from these official facts only; do not assess exploitability. Do not infer from missing evidence."
OWV2-23.05.3-ath79-generic-dropbear-CVE-2023-36328-6549a711,23.05.3,ath79/generic,dropbear,CVE-2023-36328,6549a711be6cb9788aaaec6d31e3396b21893163,dropbear: cherry-pick upstream patches,2022.82-6,"Integer Overflow vulnerability in mp_grow in libtom libtommath before commit beba892bc0d4e4ded4d667ab1d2a94f4d75109a9, allows attackers to execute arbitrary code and cause a denial of service (DoS).","OpenWrt commit calls this a critical ""libtommath: possible integer overflow (CVE-2023-36328)"" fix; identical patch blob is present in v23.05.3.",research-os/data/openwrt-v2-snapshots/cvelistV5/CVE-2023-36328.json | research-os/data/openwrt-v2-snapshots/releases/23.05.3/ath79_generic/openwrt-23.05.3-ath79-generic.manifest | https://github.com/openwrt/openwrt/commit/6549a711be6cb9788aaaec6d31e3396b21893163 | https://github.com/openwrt/openwrt/blob/v23.05.3/package/network/services/dropbear/patches/015-libtommath-fix-possible-integer-overflow.patch,OpenWrt v23.05.3 (01170d518da1c8ade9d26e56d0135d12cda8e781); CVE-linked commit 6549a711be6cb9788aaaec6d31e3396b21893163; tag patch blob f39417adb79482add3d884eb4716a05926d458b6; CVEProgram cvelistV5@5657707bc397bc80237e9aea2d7e01994208f1b2,"Independently select affected, not_affected, or insufficient_evidence from these official facts only; do not assess exploitability. Do not infer from missing evidence."
OWV2-23.05.3-ath79-generic-dropbear-CVE-2023-48795-6549a711,23.05.3,ath79/generic,dropbear,CVE-2023-48795,6549a711be6cb9788aaaec6d31e3396b21893163,dropbear: cherry-pick upstream patches,2022.82-6,"The SSH transport protocol with certain OpenSSH extensions, found in OpenSSH before 9.6 and other products, allows remote attackers to bypass integrity checks such that some packets are omitted (from the extension negotiation message), and a client and server may consequently end up with a connection for which some security features have been downgraded or disabled, aka a Terrapin attack. This occurs because the SSH Binary Packet Protocol (BPP), implemented by these extensions, mishandles the handshake phase and mishandles use of sequence numbers. For example, there is an effective attack against SSH's use of ChaCha20-Poly1305 (and CBC with Encrypt-then-MAC). The bypass occurs in chacha20-poly1305@openssh.com and (if CBC is used) the -etm@openssh.com MAC algorithms. This also affects Maverick Synergy Java SSH API before 3.1.0-SNAPSHOT, Dropbear through 2022.83, Ssh before 5.1.1 in Erlang/OTP, PuTTY before 0.80, AsyncSSH before 2.14.2, golang.org/x/crypto before 0.17.0, libssh before 0.10.6, libssh2 through 1.11.0, Thorn Tech SFTP Gateway before 3.4.6, Tera Term before 5.1, Paramiko before 3.4.0, jsch before 0.2.15, SFTPGo before 2.5.6, Netgate pfSense Plus through 23.09.1, Netgate pfSense CE through 2.7.2, HPN-SSH through 18.2.0, ProFTPD before 1.3.8b (and before 1.3.9rc2), ORYX CycloneSSH before 2.3.4, NetSarang XShell 7 before Build 0144, CrushFTP before 10.6.0, ConnectBot SSH library before 2.2.22, Apache MINA sshd through 2.11.0, sshj through 0.37.0, TinySSH through 20230101, trilead-ssh2 6401, LANCOM LCOS and LANconfig, FileZilla before 3.66.4, Nova before 11.8, PKIX-SSH before 14.4, SecureCRT before 9.4.3, Transmit5 before 5.10.4, Win32-OpenSSH before 9.5.0.0p1-Beta, WinSCP before 6.2.2, Bitvise SSH Server before 9.32, Bitvise SSH Client before 9.33, KiTTY through 0.76.1.13, the net-ssh gem 7.2.0 for Ruby, the mscdex ssh2 module before 1.15.0 for Node.js, the thrussh library before 0.35.1 for Rust, and the Russh crate before 0.40.2 for Rust.","OpenWrt commit calls this a critical ""implement Strict KEX mode (CVE-2023-48795)"" fix; identical patch blob is present in v23.05.3.",research-os/data/openwrt-v2-snapshots/cvelistV5/CVE-2023-48795.json | research-os/data/openwrt-v2-snapshots/releases/23.05.3/ath79_generic/openwrt-23.05.3-ath79-generic.manifest | https://github.com/openwrt/openwrt/commit/6549a711be6cb9788aaaec6d31e3396b21893163 | https://github.com/openwrt/openwrt/blob/v23.05.3/package/network/services/dropbear/patches/021-Implement-Strict-KEX-mode.patch,OpenWrt v23.05.3 (01170d518da1c8ade9d26e56d0135d12cda8e781); CVE-linked commit 6549a711be6cb9788aaaec6d31e3396b21893163; tag patch blob e4a279b9ab73953d8d2f2b51ac3196712c4f61b7; CVEProgram cvelistV5@5657707bc397bc80237e9aea2d7e01994208f1b2,"Independently select affected, not_affected, or insufficient_evidence from these official facts only; do not assess exploitability. Do not infer from missing evidence."
OWV2-22.03.7-x86-64-dropbear-CVE-2023-36328-38cea0be,22.03.7,x86/64,dropbear,CVE-2023-36328,38cea0bea17941b7a392fcdbef4faec2d146a398,dropbear: cherry-pick upstream patches,2022.82-4,"Integer Overflow vulnerability in mp_grow in libtom libtommath before commit beba892bc0d4e4ded4d667ab1d2a94f4d75109a9, allows attackers to execute arbitrary code and cause a denial of service (DoS).","OpenWrt commit calls this a critical ""libtommath: possible integer overflow (CVE-2023-36328)"" fix; identical patch blob is present in v22.03.7.",research-os/data/openwrt-v2-snapshots/cvelistV5/CVE-2023-36328.json | research-os/data/openwrt-v2-snapshots/releases/22.03.7/x86_64/openwrt-22.03.7-x86-64.manifest | https://github.com/openwrt/openwrt/commit/38cea0bea17941b7a392fcdbef4faec2d146a398 | https://github.com/openwrt/openwrt/blob/v22.03.7/package/network/services/dropbear/patches/015-libtommath-fix-possible-integer-overflow.patch,OpenWrt v22.03.7 (b5dc35c8bb260e56ab7280264fb9270544a7d69f); CVE-linked commit 38cea0bea17941b7a392fcdbef4faec2d146a398; tag patch blob f39417adb79482add3d884eb4716a05926d458b6; CVEProgram cvelistV5@5657707bc397bc80237e9aea2d7e01994208f1b2,"Independently select affected, not_affected, or insufficient_evidence from these official facts only; do not assess exploitability. Do not infer from missing evidence."
OWV2-22.03.7-x86-64-dropbear-CVE-2023-48795-38cea0be,22.03.7,x86/64,dropbear,CVE-2023-48795,38cea0bea17941b7a392fcdbef4faec2d146a398,dropbear: cherry-pick upstream patches,2022.82-4,"The SSH transport protocol with certain OpenSSH extensions, found in OpenSSH before 9.6 and other products, allows remote attackers to bypass integrity checks such that some packets are omitted (from the extension negotiation message), and a client and server may consequently end up with a connection for which some security features have been downgraded or disabled, aka a Terrapin attack. This occurs because the SSH Binary Packet Protocol (BPP), implemented by these extensions, mishandles the handshake phase and mishandles use of sequence numbers. For example, there is an effective attack against SSH's use of ChaCha20-Poly1305 (and CBC with Encrypt-then-MAC). The bypass occurs in chacha20-poly1305@openssh.com and (if CBC is used) the -etm@openssh.com MAC algorithms. This also affects Maverick Synergy Java SSH API before 3.1.0-SNAPSHOT, Dropbear through 2022.83, Ssh before 5.1.1 in Erlang/OTP, PuTTY before 0.80, AsyncSSH before 2.14.2, golang.org/x/crypto before 0.17.0, libssh before 0.10.6, libssh2 through 1.11.0, Thorn Tech SFTP Gateway before 3.4.6, Tera Term before 5.1, Paramiko before 3.4.0, jsch before 0.2.15, SFTPGo before 2.5.6, Netgate pfSense Plus through 23.09.1, Netgate pfSense CE through 2.7.2, HPN-SSH through 18.2.0, ProFTPD before 1.3.8b (and before 1.3.9rc2), ORYX CycloneSSH before 2.3.4, NetSarang XShell 7 before Build 0144, CrushFTP before 10.6.0, ConnectBot SSH library before 2.2.22, Apache MINA sshd through 2.11.0, sshj through 0.37.0, TinySSH through 20230101, trilead-ssh2 6401, LANCOM LCOS and LANconfig, FileZilla before 3.66.4, Nova before 11.8, PKIX-SSH before 14.4, SecureCRT before 9.4.3, Transmit5 before 5.10.4, Win32-OpenSSH before 9.5.0.0p1-Beta, WinSCP before 6.2.2, Bitvise SSH Server before 9.32, Bitvise SSH Client before 9.33, KiTTY through 0.76.1.13, the net-ssh gem 7.2.0 for Ruby, the mscdex ssh2 module before 1.15.0 for Node.js, the thrussh library before 0.35.1 for Rust, and the Russh crate before 0.40.2 for Rust.","OpenWrt commit calls this a critical ""implement Strict KEX mode (CVE-2023-48795)"" fix; identical patch blob is present in v22.03.7.",research-os/data/openwrt-v2-snapshots/cvelistV5/CVE-2023-48795.json | research-os/data/openwrt-v2-snapshots/releases/22.03.7/x86_64/openwrt-22.03.7-x86-64.manifest | https://github.com/openwrt/openwrt/commit/38cea0bea17941b7a392fcdbef4faec2d146a398 | https://github.com/openwrt/openwrt/blob/v22.03.7/package/network/services/dropbear/patches/021-Implement-Strict-KEX-mode.patch,OpenWrt v22.03.7 (b5dc35c8bb260e56ab7280264fb9270544a7d69f); CVE-linked commit 38cea0bea17941b7a392fcdbef4faec2d146a398; tag patch blob e4a279b9ab73953d8d2f2b51ac3196712c4f61b7; CVEProgram cvelistV5@5657707bc397bc80237e9aea2d7e01994208f1b2,"Independently select affected, not_affected, or insufficient_evidence from these official facts only; do not assess exploitability. Do not infer from missing evidence."
OWV2-23.05.3-x86-64-dropbear-CVE-2023-36328-6549a711,23.05.3,x86/64,dropbear,CVE-2023-36328,6549a711be6cb9788aaaec6d31e3396b21893163,dropbear: cherry-pick upstream patches,2022.82-6,"Integer Overflow vulnerability in mp_grow in libtom libtommath before commit beba892bc0d4e4ded4d667ab1d2a94f4d75109a9, allows attackers to execute arbitrary code and cause a denial of service (DoS).","OpenWrt commit calls this a critical ""libtommath: possible integer overflow (CVE-2023-36328)"" fix; identical patch blob is present in v23.05.3.",research-os/data/openwrt-v2-snapshots/cvelistV5/CVE-2023-36328.json | research-os/data/openwrt-v2-snapshots/releases/23.05.3/x86_64/openwrt-23.05.3-x86-64.manifest | https://github.com/openwrt/openwrt/commit/6549a711be6cb9788aaaec6d31e3396b21893163 | https://github.com/openwrt/openwrt/blob/v23.05.3/package/network/services/dropbear/patches/015-libtommath-fix-possible-integer-overflow.patch,OpenWrt v23.05.3 (01170d518da1c8ade9d26e56d0135d12cda8e781); CVE-linked commit 6549a711be6cb9788aaaec6d31e3396b21893163; tag patch blob f39417adb79482add3d884eb4716a05926d458b6; CVEProgram cvelistV5@5657707bc397bc80237e9aea2d7e01994208f1b2,"Independently select affected, not_affected, or insufficient_evidence from these official facts only; do not assess exploitability. Do not infer from missing evidence."
OWV2-23.05.3-x86-64-dropbear-CVE-2023-48795-6549a711,23.05.3,x86/64,dropbear,CVE-2023-48795,6549a711be6cb9788aaaec6d31e3396b21893163,dropbear: cherry-pick upstream patches,2022.82-6,"The SSH transport protocol with certain OpenSSH extensions, found in OpenSSH before 9.6 and other products, allows remote attackers to bypass integrity checks such that some packets are omitted (from the extension negotiation message), and a client and server may consequently end up with a connection for which some security features have been downgraded or disabled, aka a Terrapin attack. This occurs because the SSH Binary Packet Protocol (BPP), implemented by these extensions, mishandles the handshake phase and mishandles use of sequence numbers. For example, there is an effective attack against SSH's use of ChaCha20-Poly1305 (and CBC with Encrypt-then-MAC). The bypass occurs in chacha20-poly1305@openssh.com and (if CBC is used) the -etm@openssh.com MAC algorithms. This also affects Maverick Synergy Java SSH API before 3.1.0-SNAPSHOT, Dropbear through 2022.83, Ssh before 5.1.1 in Erlang/OTP, PuTTY before 0.80, AsyncSSH before 2.14.2, golang.org/x/crypto before 0.17.0, libssh before 0.10.6, libssh2 through 1.11.0, Thorn Tech SFTP Gateway before 3.4.6, Tera Term before 5.1, Paramiko before 3.4.0, jsch before 0.2.15, SFTPGo before 2.5.6, Netgate pfSense Plus through 23.09.1, Netgate pfSense CE through 2.7.2, HPN-SSH through 18.2.0, ProFTPD before 1.3.8b (and before 1.3.9rc2), ORYX CycloneSSH before 2.3.4, NetSarang XShell 7 before Build 0144, CrushFTP before 10.6.0, ConnectBot SSH library before 2.2.22, Apache MINA sshd through 2.11.0, sshj through 0.37.0, TinySSH through 20230101, trilead-ssh2 6401, LANCOM LCOS and LANconfig, FileZilla before 3.66.4, Nova before 11.8, PKIX-SSH before 14.4, SecureCRT before 9.4.3, Transmit5 before 5.10.4, Win32-OpenSSH before 9.5.0.0p1-Beta, WinSCP before 6.2.2, Bitvise SSH Server before 9.32, Bitvise SSH Client before 9.33, KiTTY through 0.76.1.13, the net-ssh gem 7.2.0 for Ruby, the mscdex ssh2 module before 1.15.0 for Node.js, the thrussh library before 0.35.1 for Rust, and the Russh crate before 0.40.2 for Rust.","OpenWrt commit calls this a critical ""implement Strict KEX mode (CVE-2023-48795)"" fix; identical patch blob is present in v23.05.3.",research-os/data/openwrt-v2-snapshots/cvelistV5/CVE-2023-48795.json | research-os/data/openwrt-v2-snapshots/releases/23.05.3/x86_64/openwrt-23.05.3-x86-64.manifest | https://github.com/openwrt/openwrt/commit/6549a711be6cb9788aaaec6d31e3396b21893163 | https://github.com/openwrt/openwrt/blob/v23.05.3/package/network/services/dropbear/patches/021-Implement-Strict-KEX-mode.patch,OpenWrt v23.05.3 (01170d518da1c8ade9d26e56d0135d12cda8e781); CVE-linked commit 6549a711be6cb9788aaaec6d31e3396b21893163; tag patch blob e4a279b9ab73953d8d2f2b51ac3196712c4f61b7; CVEProgram cvelistV5@5657707bc397bc80237e9aea2d7e01994208f1b2,"Independently select affected, not_affected, or insufficient_evidence from these official facts only; do not assess exploitability. Do not infer from missing evidence."
