case_id,release,target,package,cve_id,round1_label,round2_label,agreement,adjudicated_label,evidence_url_or_path,evidence_commit_or_sha256,evidence_quote,adjudicator_id,adjudicated_at_utc,notes
OWV2-22.03.0-ath79-generic-busybox-CVE-2021-28831-13397b2b,22.03.0,ath79/generic,busybox,CVE-2021-28831,not_affected,not_affected,yes,not_affected,research-os/data/openwrt-v2-snapshots/cvelistV5/CVE-2021-28831.json | research-os/data/openwrt-v2-snapshots/releases/22.03.0/ath79_generic/openwrt-22.03.0-ath79-generic.manifest | https://github.com/openwrt/openwrt/blob/v22.03.0/package/utils/busybox/Makefile,OpenWrt tag v22.03.0 (17bd6b04777d71d081ddf4ff8fbf44ccaf6f422e); CVEProgram cvelistV5@5657707bc397bc80237e9aea2d7e01994208f1b2,"CVE text: ""BusyBox through 1.32.1""; v22.03.0 recipe: ""PKG_VERSION:=1.35.0"".",principal-adjudication,2026-10-01T08:34:52Z,"No disagreement: adjudication records concurrence, not a new independent claim."
OWV2-22.03.0-ath79-generic-dropbear-CVE-2018-15473-2211ee00,22.03.0,ath79/generic,dropbear,CVE-2018-15473,not_affected,not_affected,yes,not_affected,research-os/data/openwrt-v2-snapshots/cvelistV5/CVE-2018-15473.json | research-os/data/openwrt-v2-snapshots/releases/22.03.0/ath79_generic/openwrt-22.03.0-ath79-generic.manifest | https://github.com/openwrt/openwrt/blob/v22.03.0/package/network/services/dropbear/Makefile,OpenWrt tag v22.03.0 (17bd6b04777d71d081ddf4ff8fbf44ccaf6f422e); CVEProgram cvelistV5@5657707bc397bc80237e9aea2d7e01994208f1b2,"CVE text names ""OpenSSH through 7.7""; frozen manifest and v22.03.0 recipe identify the package as Dropbear 2022.82.",principal-adjudication,2026-10-01T08:34:52Z,"No disagreement: adjudication records concurrence, not a new independent claim."
OWV2-22.03.0-ath79-generic-dropbear-CVE-2018-15599-2211ee00,22.03.0,ath79/generic,dropbear,CVE-2018-15599,not_affected,not_affected,yes,not_affected,research-os/data/openwrt-v2-snapshots/cvelistV5/CVE-2018-15599.json | research-os/data/openwrt-v2-snapshots/releases/22.03.0/ath79_generic/openwrt-22.03.0-ath79-generic.manifest | https://github.com/openwrt/openwrt/blob/v22.03.0/package/network/services/dropbear/Makefile,OpenWrt tag v22.03.0 (17bd6b04777d71d081ddf4ff8fbf44ccaf6f422e); CVEProgram cvelistV5@5657707bc397bc80237e9aea2d7e01994208f1b2,"CVE text: ""Dropbear through 2018.76""; v22.03.0 recipe: ""PKG_VERSION:=2022.82"".",principal-adjudication,2026-10-01T08:34:52Z,"No disagreement: adjudication records concurrence, not a new independent claim."
OWV2-22.03.0-ath79-generic-ppp-CVE-2020-8597-35890514,22.03.0,ath79/generic,ppp,CVE-2020-8597,not_affected,not_affected,yes,not_affected,research-os/data/openwrt-v2-snapshots/cvelistV5/CVE-2020-8597.json | research-os/data/openwrt-v2-snapshots/releases/22.03.0/ath79_generic/openwrt-22.03.0-ath79-generic.manifest | https://github.com/openwrt/openwrt/blob/v22.03.0/package/network/services/ppp/Makefile,OpenWrt tag v22.03.0 (17bd6b04777d71d081ddf4ff8fbf44ccaf6f422e); CVEProgram cvelistV5@5657707bc397bc80237e9aea2d7e01994208f1b2,"CVE text: ""ppp 2.4.2 through 2.4.8""; v22.03.0 recipe: ""PKG_RELEASE_VERSION:=2.4.9"".",principal-adjudication,2026-10-01T08:34:52Z,"No disagreement: adjudication records concurrence, not a new independent claim."
OWV2-22.03.0-ath79-generic-kernel-CVE-2016-5696-3c2c31bb,22.03.0,ath79/generic,kernel,CVE-2016-5696,not_affected,not_affected,yes,not_affected,research-os/data/openwrt-v2-snapshots/cvelistV5/CVE-2016-5696.json | research-os/data/openwrt-v2-snapshots/releases/22.03.0/ath79_generic/openwrt-22.03.0-ath79-generic.manifest | https://github.com/openwrt/openwrt/blob/v22.03.0/include/kernel-version.mk,OpenWrt tag v22.03.0 (17bd6b04777d71d081ddf4ff8fbf44ccaf6f422e); CVEProgram cvelistV5@5657707bc397bc80237e9aea2d7e01994208f1b2,"CVE text: ""Linux kernel before 4.7""; frozen manifest: ""kernel - 5.10.138-1-..."".",principal-adjudication,2026-10-01T08:34:52Z,"No disagreement: adjudication records concurrence, not a new independent claim."
OWV2-22.03.0-ath79-generic-busybox-CVE-2021-28831-6713fe03,22.03.0,ath79/generic,busybox,CVE-2021-28831,not_affected,not_affected,yes,not_affected,research-os/data/openwrt-v2-snapshots/cvelistV5/CVE-2021-28831.json | research-os/data/openwrt-v2-snapshots/releases/22.03.0/ath79_generic/openwrt-22.03.0-ath79-generic.manifest | https://github.com/openwrt/openwrt/blob/v22.03.0/package/utils/busybox/Makefile,OpenWrt tag v22.03.0 (17bd6b04777d71d081ddf4ff8fbf44ccaf6f422e); CVEProgram cvelistV5@5657707bc397bc80237e9aea2d7e01994208f1b2,"CVE text: ""BusyBox through 1.32.1""; v22.03.0 recipe: ""PKG_VERSION:=1.35.0"".",principal-adjudication,2026-10-01T08:34:52Z,"No disagreement: adjudication records concurrence, not a new independent claim."
OWV2-22.03.0-ath79-generic-busybox-CVE-2017-16544-7c0a2bc9,22.03.0,ath79/generic,busybox,CVE-2017-16544,not_affected,not_affected,yes,not_affected,research-os/data/openwrt-v2-snapshots/cvelistV5/CVE-2017-16544.json | research-os/data/openwrt-v2-snapshots/releases/22.03.0/ath79_generic/openwrt-22.03.0-ath79-generic.manifest | https://github.com/openwrt/openwrt/blob/v22.03.0/package/utils/busybox/Makefile,OpenWrt tag v22.03.0 (17bd6b04777d71d081ddf4ff8fbf44ccaf6f422e); CVEProgram cvelistV5@5657707bc397bc80237e9aea2d7e01994208f1b2,"CVE text: ""BusyBox through 1.27.2""; v22.03.0 recipe: ""PKG_VERSION:=1.35.0"".",principal-adjudication,2026-10-01T08:34:52Z,"No disagreement: adjudication records concurrence, not a new independent claim."
OWV2-22.03.0-ath79-generic-kernel-CVE-2017-8824-88ba4145,22.03.0,ath79/generic,kernel,CVE-2017-8824,not_affected,not_affected,yes,not_affected,research-os/data/openwrt-v2-snapshots/cvelistV5/CVE-2017-8824.json | research-os/data/openwrt-v2-snapshots/releases/22.03.0/ath79_generic/openwrt-22.03.0-ath79-generic.manifest | https://github.com/openwrt/openwrt/blob/v22.03.0/include/kernel-version.mk,OpenWrt tag v22.03.0 (17bd6b04777d71d081ddf4ff8fbf44ccaf6f422e); CVEProgram cvelistV5@5657707bc397bc80237e9aea2d7e01994208f1b2,"CVE text: ""Linux kernel through 4.14.3""; frozen manifest: ""kernel - 5.10.138-1-..."".",principal-adjudication,2026-10-01T08:34:52Z,"No disagreement: adjudication records concurrence, not a new independent claim."
OWV2-22.03.0-ath79-generic-dnsmasq-CVE-2017-13704-9a753c49,22.03.0,ath79/generic,dnsmasq,CVE-2017-13704,not_affected,not_affected,yes,not_affected,research-os/data/openwrt-v2-snapshots/cvelistV5/CVE-2017-13704.json | research-os/data/openwrt-v2-snapshots/releases/22.03.0/ath79_generic/openwrt-22.03.0-ath79-generic.manifest | https://github.com/openwrt/openwrt/blob/v22.03.0/package/network/services/dnsmasq/Makefile,OpenWrt tag v22.03.0 (17bd6b04777d71d081ddf4ff8fbf44ccaf6f422e); CVEProgram cvelistV5@5657707bc397bc80237e9aea2d7e01994208f1b2,"CVE text: ""dnsmasq before 2.78""; v22.03.0 recipe: ""PKG_UPSTREAM_VERSION:=2.86"".",principal-adjudication,2026-10-01T08:34:52Z,"No disagreement: adjudication records concurrence, not a new independent claim."
OWV2-22.03.0-ath79-generic-dnsmasq-CVE-2017-15107-a3198061,22.03.0,ath79/generic,dnsmasq,CVE-2017-15107,not_affected,not_affected,yes,not_affected,research-os/data/openwrt-v2-snapshots/cvelistV5/CVE-2017-15107.json | research-os/data/openwrt-v2-snapshots/releases/22.03.0/ath79_generic/openwrt-22.03.0-ath79-generic.manifest | https://github.com/openwrt/openwrt/blob/v22.03.0/package/network/services/dnsmasq/Makefile,OpenWrt tag v22.03.0 (17bd6b04777d71d081ddf4ff8fbf44ccaf6f422e); CVEProgram cvelistV5@5657707bc397bc80237e9aea2d7e01994208f1b2,"CVE text: ""Dnsmasq up to and including 2.78""; v22.03.0 recipe: ""PKG_UPSTREAM_VERSION:=2.86"".",principal-adjudication,2026-10-01T08:34:52Z,"No disagreement: adjudication records concurrence, not a new independent claim."
OWV2-22.03.0-ath79-generic-dnsmasq-CVE-2017-15107-adaf1cbc,22.03.0,ath79/generic,dnsmasq,CVE-2017-15107,not_affected,not_affected,yes,not_affected,research-os/data/openwrt-v2-snapshots/cvelistV5/CVE-2017-15107.json | research-os/data/openwrt-v2-snapshots/releases/22.03.0/ath79_generic/openwrt-22.03.0-ath79-generic.manifest | https://github.com/openwrt/openwrt/blob/v22.03.0/package/network/services/dnsmasq/Makefile,OpenWrt tag v22.03.0 (17bd6b04777d71d081ddf4ff8fbf44ccaf6f422e); CVEProgram cvelistV5@5657707bc397bc80237e9aea2d7e01994208f1b2,"CVE text: ""Dnsmasq up to and including 2.78""; v22.03.0 recipe: ""PKG_UPSTREAM_VERSION:=2.86"".",principal-adjudication,2026-10-01T08:34:52Z,"No disagreement: adjudication records concurrence, not a new independent claim."
OWV2-22.03.0-ath79-generic-kernel-CVE-2017-17741-d8565a06,22.03.0,ath79/generic,kernel,CVE-2017-17741,not_affected,not_affected,yes,not_affected,research-os/data/openwrt-v2-snapshots/cvelistV5/CVE-2017-17741.json | research-os/data/openwrt-v2-snapshots/releases/22.03.0/ath79_generic/openwrt-22.03.0-ath79-generic.manifest | https://github.com/openwrt/openwrt/blob/v22.03.0/include/kernel-version.mk,OpenWrt tag v22.03.0 (17bd6b04777d71d081ddf4ff8fbf44ccaf6f422e); CVEProgram cvelistV5@5657707bc397bc80237e9aea2d7e01994208f1b2,"CVE text: ""Linux kernel through 4.14.7""; frozen manifest: ""kernel - 5.10.138-1-..."".",principal-adjudication,2026-10-01T08:34:52Z,"No disagreement: adjudication records concurrence, not a new independent claim."
OWV2-22.03.0-ath79-generic-kernel-CVE-2017-8824-f621b539,22.03.0,ath79/generic,kernel,CVE-2017-8824,not_affected,not_affected,yes,not_affected,research-os/data/openwrt-v2-snapshots/cvelistV5/CVE-2017-8824.json | research-os/data/openwrt-v2-snapshots/releases/22.03.0/ath79_generic/openwrt-22.03.0-ath79-generic.manifest | https://github.com/openwrt/openwrt/blob/v22.03.0/include/kernel-version.mk,OpenWrt tag v22.03.0 (17bd6b04777d71d081ddf4ff8fbf44ccaf6f422e); CVEProgram cvelistV5@5657707bc397bc80237e9aea2d7e01994208f1b2,"CVE text: ""Linux kernel through 4.14.3""; frozen manifest: ""kernel - 5.10.138-1-..."".",principal-adjudication,2026-10-01T08:34:52Z,"No disagreement: adjudication records concurrence, not a new independent claim."
OWV2-22.03.0-x86-64-busybox-CVE-2021-28831-13397b2b,22.03.0,x86/64,busybox,CVE-2021-28831,not_affected,not_affected,yes,not_affected,research-os/data/openwrt-v2-snapshots/cvelistV5/CVE-2021-28831.json | research-os/data/openwrt-v2-snapshots/releases/22.03.0/x86_64/openwrt-22.03.0-x86-64.manifest | https://github.com/openwrt/openwrt/blob/v22.03.0/package/utils/busybox/Makefile,OpenWrt tag v22.03.0 (17bd6b04777d71d081ddf4ff8fbf44ccaf6f422e); CVEProgram cvelistV5@5657707bc397bc80237e9aea2d7e01994208f1b2,"CVE text: ""BusyBox through 1.32.1""; v22.03.0 recipe: ""PKG_VERSION:=1.35.0"".",principal-adjudication,2026-10-01T08:34:52Z,"No disagreement: adjudication records concurrence, not a new independent claim."
OWV2-22.03.0-x86-64-dropbear-CVE-2018-15473-2211ee00,22.03.0,x86/64,dropbear,CVE-2018-15473,not_affected,not_affected,yes,not_affected,research-os/data/openwrt-v2-snapshots/cvelistV5/CVE-2018-15473.json | research-os/data/openwrt-v2-snapshots/releases/22.03.0/x86_64/openwrt-22.03.0-x86-64.manifest | https://github.com/openwrt/openwrt/blob/v22.03.0/package/network/services/dropbear/Makefile,OpenWrt tag v22.03.0 (17bd6b04777d71d081ddf4ff8fbf44ccaf6f422e); CVEProgram cvelistV5@5657707bc397bc80237e9aea2d7e01994208f1b2,"CVE text names ""OpenSSH through 7.7""; frozen manifest and v22.03.0 recipe identify the package as Dropbear 2022.82.",principal-adjudication,2026-10-01T08:34:52Z,"No disagreement: adjudication records concurrence, not a new independent claim."
OWV2-22.03.0-x86-64-dropbear-CVE-2018-15599-2211ee00,22.03.0,x86/64,dropbear,CVE-2018-15599,not_affected,not_affected,yes,not_affected,research-os/data/openwrt-v2-snapshots/cvelistV5/CVE-2018-15599.json | research-os/data/openwrt-v2-snapshots/releases/22.03.0/x86_64/openwrt-22.03.0-x86-64.manifest | https://github.com/openwrt/openwrt/blob/v22.03.0/package/network/services/dropbear/Makefile,OpenWrt tag v22.03.0 (17bd6b04777d71d081ddf4ff8fbf44ccaf6f422e); CVEProgram cvelistV5@5657707bc397bc80237e9aea2d7e01994208f1b2,"CVE text: ""Dropbear through 2018.76""; v22.03.0 recipe: ""PKG_VERSION:=2022.82"".",principal-adjudication,2026-10-01T08:34:52Z,"No disagreement: adjudication records concurrence, not a new independent claim."
OWV2-22.03.0-x86-64-ppp-CVE-2020-8597-35890514,22.03.0,x86/64,ppp,CVE-2020-8597,not_affected,not_affected,yes,not_affected,research-os/data/openwrt-v2-snapshots/cvelistV5/CVE-2020-8597.json | research-os/data/openwrt-v2-snapshots/releases/22.03.0/x86_64/openwrt-22.03.0-x86-64.manifest | https://github.com/openwrt/openwrt/blob/v22.03.0/package/network/services/ppp/Makefile,OpenWrt tag v22.03.0 (17bd6b04777d71d081ddf4ff8fbf44ccaf6f422e); CVEProgram cvelistV5@5657707bc397bc80237e9aea2d7e01994208f1b2,"CVE text: ""ppp 2.4.2 through 2.4.8""; v22.03.0 recipe: ""PKG_RELEASE_VERSION:=2.4.9"".",principal-adjudication,2026-10-01T08:34:52Z,"No disagreement: adjudication records concurrence, not a new independent claim."
OWV2-22.03.0-x86-64-kernel-CVE-2016-5696-3c2c31bb,22.03.0,x86/64,kernel,CVE-2016-5696,not_affected,not_affected,yes,not_affected,research-os/data/openwrt-v2-snapshots/cvelistV5/CVE-2016-5696.json | research-os/data/openwrt-v2-snapshots/releases/22.03.0/x86_64/openwrt-22.03.0-x86-64.manifest | https://github.com/openwrt/openwrt/blob/v22.03.0/include/kernel-version.mk,OpenWrt tag v22.03.0 (17bd6b04777d71d081ddf4ff8fbf44ccaf6f422e); CVEProgram cvelistV5@5657707bc397bc80237e9aea2d7e01994208f1b2,"CVE text: ""Linux kernel before 4.7""; frozen manifest: ""kernel - 5.10.138-1-..."".",principal-adjudication,2026-10-01T08:34:52Z,"No disagreement: adjudication records concurrence, not a new independent claim."
OWV2-22.03.0-x86-64-busybox-CVE-2021-28831-6713fe03,22.03.0,x86/64,busybox,CVE-2021-28831,not_affected,not_affected,yes,not_affected,research-os/data/openwrt-v2-snapshots/cvelistV5/CVE-2021-28831.json | research-os/data/openwrt-v2-snapshots/releases/22.03.0/x86_64/openwrt-22.03.0-x86-64.manifest | https://github.com/openwrt/openwrt/blob/v22.03.0/package/utils/busybox/Makefile,OpenWrt tag v22.03.0 (17bd6b04777d71d081ddf4ff8fbf44ccaf6f422e); CVEProgram cvelistV5@5657707bc397bc80237e9aea2d7e01994208f1b2,"CVE text: ""BusyBox through 1.32.1""; v22.03.0 recipe: ""PKG_VERSION:=1.35.0"".",principal-adjudication,2026-10-01T08:34:52Z,"No disagreement: adjudication records concurrence, not a new independent claim."
OWV2-22.03.0-x86-64-busybox-CVE-2017-16544-7c0a2bc9,22.03.0,x86/64,busybox,CVE-2017-16544,not_affected,not_affected,yes,not_affected,research-os/data/openwrt-v2-snapshots/cvelistV5/CVE-2017-16544.json | research-os/data/openwrt-v2-snapshots/releases/22.03.0/x86_64/openwrt-22.03.0-x86-64.manifest | https://github.com/openwrt/openwrt/blob/v22.03.0/package/utils/busybox/Makefile,OpenWrt tag v22.03.0 (17bd6b04777d71d081ddf4ff8fbf44ccaf6f422e); CVEProgram cvelistV5@5657707bc397bc80237e9aea2d7e01994208f1b2,"CVE text: ""BusyBox through 1.27.2""; v22.03.0 recipe: ""PKG_VERSION:=1.35.0"".",principal-adjudication,2026-10-01T08:34:52Z,"No disagreement: adjudication records concurrence, not a new independent claim."
OWV2-22.03.0-x86-64-kernel-CVE-2017-8824-88ba4145,22.03.0,x86/64,kernel,CVE-2017-8824,not_affected,not_affected,yes,not_affected,research-os/data/openwrt-v2-snapshots/cvelistV5/CVE-2017-8824.json | research-os/data/openwrt-v2-snapshots/releases/22.03.0/x86_64/openwrt-22.03.0-x86-64.manifest | https://github.com/openwrt/openwrt/blob/v22.03.0/include/kernel-version.mk,OpenWrt tag v22.03.0 (17bd6b04777d71d081ddf4ff8fbf44ccaf6f422e); CVEProgram cvelistV5@5657707bc397bc80237e9aea2d7e01994208f1b2,"CVE text: ""Linux kernel through 4.14.3""; frozen manifest: ""kernel - 5.10.138-1-..."".",principal-adjudication,2026-10-01T08:34:52Z,"No disagreement: adjudication records concurrence, not a new independent claim."
OWV2-22.03.0-x86-64-dnsmasq-CVE-2017-13704-9a753c49,22.03.0,x86/64,dnsmasq,CVE-2017-13704,not_affected,not_affected,yes,not_affected,research-os/data/openwrt-v2-snapshots/cvelistV5/CVE-2017-13704.json | research-os/data/openwrt-v2-snapshots/releases/22.03.0/x86_64/openwrt-22.03.0-x86-64.manifest | https://github.com/openwrt/openwrt/blob/v22.03.0/package/network/services/dnsmasq/Makefile,OpenWrt tag v22.03.0 (17bd6b04777d71d081ddf4ff8fbf44ccaf6f422e); CVEProgram cvelistV5@5657707bc397bc80237e9aea2d7e01994208f1b2,"CVE text: ""dnsmasq before 2.78""; v22.03.0 recipe: ""PKG_UPSTREAM_VERSION:=2.86"".",principal-adjudication,2026-10-01T08:34:52Z,"No disagreement: adjudication records concurrence, not a new independent claim."
OWV2-22.03.0-x86-64-dnsmasq-CVE-2017-15107-a3198061,22.03.0,x86/64,dnsmasq,CVE-2017-15107,not_affected,not_affected,yes,not_affected,research-os/data/openwrt-v2-snapshots/cvelistV5/CVE-2017-15107.json | research-os/data/openwrt-v2-snapshots/releases/22.03.0/x86_64/openwrt-22.03.0-x86-64.manifest | https://github.com/openwrt/openwrt/blob/v22.03.0/package/network/services/dnsmasq/Makefile,OpenWrt tag v22.03.0 (17bd6b04777d71d081ddf4ff8fbf44ccaf6f422e); CVEProgram cvelistV5@5657707bc397bc80237e9aea2d7e01994208f1b2,"CVE text: ""Dnsmasq up to and including 2.78""; v22.03.0 recipe: ""PKG_UPSTREAM_VERSION:=2.86"".",principal-adjudication,2026-10-01T08:34:52Z,"No disagreement: adjudication records concurrence, not a new independent claim."
OWV2-22.03.0-x86-64-dnsmasq-CVE-2017-15107-adaf1cbc,22.03.0,x86/64,dnsmasq,CVE-2017-15107,not_affected,not_affected,yes,not_affected,research-os/data/openwrt-v2-snapshots/cvelistV5/CVE-2017-15107.json | research-os/data/openwrt-v2-snapshots/releases/22.03.0/x86_64/openwrt-22.03.0-x86-64.manifest | https://github.com/openwrt/openwrt/blob/v22.03.0/package/network/services/dnsmasq/Makefile,OpenWrt tag v22.03.0 (17bd6b04777d71d081ddf4ff8fbf44ccaf6f422e); CVEProgram cvelistV5@5657707bc397bc80237e9aea2d7e01994208f1b2,"CVE text: ""Dnsmasq up to and including 2.78""; v22.03.0 recipe: ""PKG_UPSTREAM_VERSION:=2.86"".",principal-adjudication,2026-10-01T08:34:52Z,"No disagreement: adjudication records concurrence, not a new independent claim."
OWV2-22.03.0-x86-64-kernel-CVE-2017-17741-d8565a06,22.03.0,x86/64,kernel,CVE-2017-17741,not_affected,not_affected,yes,not_affected,research-os/data/openwrt-v2-snapshots/cvelistV5/CVE-2017-17741.json | research-os/data/openwrt-v2-snapshots/releases/22.03.0/x86_64/openwrt-22.03.0-x86-64.manifest | https://github.com/openwrt/openwrt/blob/v22.03.0/include/kernel-version.mk,OpenWrt tag v22.03.0 (17bd6b04777d71d081ddf4ff8fbf44ccaf6f422e); CVEProgram cvelistV5@5657707bc397bc80237e9aea2d7e01994208f1b2,"CVE text: ""Linux kernel through 4.14.7""; frozen manifest: ""kernel - 5.10.138-1-..."".",principal-adjudication,2026-10-01T08:34:52Z,"No disagreement: adjudication records concurrence, not a new independent claim."
OWV2-22.03.0-x86-64-kernel-CVE-2017-8824-f621b539,22.03.0,x86/64,kernel,CVE-2017-8824,not_affected,not_affected,yes,not_affected,research-os/data/openwrt-v2-snapshots/cvelistV5/CVE-2017-8824.json | research-os/data/openwrt-v2-snapshots/releases/22.03.0/x86_64/openwrt-22.03.0-x86-64.manifest | https://github.com/openwrt/openwrt/blob/v22.03.0/include/kernel-version.mk,OpenWrt tag v22.03.0 (17bd6b04777d71d081ddf4ff8fbf44ccaf6f422e); CVEProgram cvelistV5@5657707bc397bc80237e9aea2d7e01994208f1b2,"CVE text: ""Linux kernel through 4.14.3""; frozen manifest: ""kernel - 5.10.138-1-..."".",principal-adjudication,2026-10-01T08:34:52Z,"No disagreement: adjudication records concurrence, not a new independent claim."
OWV2-22.03.7-ath79-generic-dropbear-CVE-2023-36328-38cea0be,22.03.7,ath79/generic,dropbear,CVE-2023-36328,not_affected,not_affected,yes,not_affected,research-os/data/openwrt-v2-snapshots/cvelistV5/CVE-2023-36328.json | research-os/data/openwrt-v2-snapshots/releases/22.03.7/ath79_generic/openwrt-22.03.7-ath79-generic.manifest | https://github.com/openwrt/openwrt/commit/38cea0bea17941b7a392fcdbef4faec2d146a398 | https://github.com/openwrt/openwrt/blob/v22.03.7/package/network/services/dropbear/patches/015-libtommath-fix-possible-integer-overflow.patch,OpenWrt v22.03.7 (b5dc35c8bb260e56ab7280264fb9270544a7d69f); CVE-linked commit 38cea0bea17941b7a392fcdbef4faec2d146a398; tag patch blob f39417adb79482add3d884eb4716a05926d458b6; CVEProgram cvelistV5@5657707bc397bc80237e9aea2d7e01994208f1b2,"OpenWrt commit calls this a critical ""libtommath: possible integer overflow (CVE-2023-36328)"" fix; identical patch blob is present in v22.03.7.",principal-adjudication,2026-10-01T08:34:52Z,"No disagreement: adjudication records concurrence, not a new independent claim."
OWV2-22.03.7-ath79-generic-dropbear-CVE-2023-48795-38cea0be,22.03.7,ath79/generic,dropbear,CVE-2023-48795,not_affected,not_affected,yes,not_affected,research-os/data/openwrt-v2-snapshots/cvelistV5/CVE-2023-48795.json | research-os/data/openwrt-v2-snapshots/releases/22.03.7/ath79_generic/openwrt-22.03.7-ath79-generic.manifest | https://github.com/openwrt/openwrt/commit/38cea0bea17941b7a392fcdbef4faec2d146a398 | https://github.com/openwrt/openwrt/blob/v22.03.7/package/network/services/dropbear/patches/021-Implement-Strict-KEX-mode.patch,OpenWrt v22.03.7 (b5dc35c8bb260e56ab7280264fb9270544a7d69f); CVE-linked commit 38cea0bea17941b7a392fcdbef4faec2d146a398; tag patch blob e4a279b9ab73953d8d2f2b51ac3196712c4f61b7; CVEProgram cvelistV5@5657707bc397bc80237e9aea2d7e01994208f1b2,"OpenWrt commit calls this a critical ""implement Strict KEX mode (CVE-2023-48795)"" fix; identical patch blob is present in v22.03.7.",principal-adjudication,2026-10-01T08:34:52Z,"No disagreement: adjudication records concurrence, not a new independent claim."
OWV2-23.05.3-ath79-generic-dropbear-CVE-2023-36328-6549a711,23.05.3,ath79/generic,dropbear,CVE-2023-36328,not_affected,not_affected,yes,not_affected,research-os/data/openwrt-v2-snapshots/cvelistV5/CVE-2023-36328.json | research-os/data/openwrt-v2-snapshots/releases/23.05.3/ath79_generic/openwrt-23.05.3-ath79-generic.manifest | https://github.com/openwrt/openwrt/commit/6549a711be6cb9788aaaec6d31e3396b21893163 | https://github.com/openwrt/openwrt/blob/v23.05.3/package/network/services/dropbear/patches/015-libtommath-fix-possible-integer-overflow.patch,OpenWrt v23.05.3 (01170d518da1c8ade9d26e56d0135d12cda8e781); CVE-linked commit 6549a711be6cb9788aaaec6d31e3396b21893163; tag patch blob f39417adb79482add3d884eb4716a05926d458b6; CVEProgram cvelistV5@5657707bc397bc80237e9aea2d7e01994208f1b2,"OpenWrt commit calls this a critical ""libtommath: possible integer overflow (CVE-2023-36328)"" fix; identical patch blob is present in v23.05.3.",principal-adjudication,2026-10-01T08:34:52Z,"No disagreement: adjudication records concurrence, not a new independent claim."
OWV2-23.05.3-ath79-generic-dropbear-CVE-2023-48795-6549a711,23.05.3,ath79/generic,dropbear,CVE-2023-48795,not_affected,not_affected,yes,not_affected,research-os/data/openwrt-v2-snapshots/cvelistV5/CVE-2023-48795.json | research-os/data/openwrt-v2-snapshots/releases/23.05.3/ath79_generic/openwrt-23.05.3-ath79-generic.manifest | https://github.com/openwrt/openwrt/commit/6549a711be6cb9788aaaec6d31e3396b21893163 | https://github.com/openwrt/openwrt/blob/v23.05.3/package/network/services/dropbear/patches/021-Implement-Strict-KEX-mode.patch,OpenWrt v23.05.3 (01170d518da1c8ade9d26e56d0135d12cda8e781); CVE-linked commit 6549a711be6cb9788aaaec6d31e3396b21893163; tag patch blob e4a279b9ab73953d8d2f2b51ac3196712c4f61b7; CVEProgram cvelistV5@5657707bc397bc80237e9aea2d7e01994208f1b2,"OpenWrt commit calls this a critical ""implement Strict KEX mode (CVE-2023-48795)"" fix; identical patch blob is present in v23.05.3.",principal-adjudication,2026-10-01T08:34:52Z,"No disagreement: adjudication records concurrence, not a new independent claim."
OWV2-22.03.7-x86-64-dropbear-CVE-2023-36328-38cea0be,22.03.7,x86/64,dropbear,CVE-2023-36328,not_affected,not_affected,yes,not_affected,research-os/data/openwrt-v2-snapshots/cvelistV5/CVE-2023-36328.json | research-os/data/openwrt-v2-snapshots/releases/22.03.7/x86_64/openwrt-22.03.7-x86-64.manifest | https://github.com/openwrt/openwrt/commit/38cea0bea17941b7a392fcdbef4faec2d146a398 | https://github.com/openwrt/openwrt/blob/v22.03.7/package/network/services/dropbear/patches/015-libtommath-fix-possible-integer-overflow.patch,OpenWrt v22.03.7 (b5dc35c8bb260e56ab7280264fb9270544a7d69f); CVE-linked commit 38cea0bea17941b7a392fcdbef4faec2d146a398; tag patch blob f39417adb79482add3d884eb4716a05926d458b6; CVEProgram cvelistV5@5657707bc397bc80237e9aea2d7e01994208f1b2,"OpenWrt commit calls this a critical ""libtommath: possible integer overflow (CVE-2023-36328)"" fix; identical patch blob is present in v22.03.7.",principal-adjudication,2026-10-01T08:34:52Z,"No disagreement: adjudication records concurrence, not a new independent claim."
OWV2-22.03.7-x86-64-dropbear-CVE-2023-48795-38cea0be,22.03.7,x86/64,dropbear,CVE-2023-48795,not_affected,not_affected,yes,not_affected,research-os/data/openwrt-v2-snapshots/cvelistV5/CVE-2023-48795.json | research-os/data/openwrt-v2-snapshots/releases/22.03.7/x86_64/openwrt-22.03.7-x86-64.manifest | https://github.com/openwrt/openwrt/commit/38cea0bea17941b7a392fcdbef4faec2d146a398 | https://github.com/openwrt/openwrt/blob/v22.03.7/package/network/services/dropbear/patches/021-Implement-Strict-KEX-mode.patch,OpenWrt v22.03.7 (b5dc35c8bb260e56ab7280264fb9270544a7d69f); CVE-linked commit 38cea0bea17941b7a392fcdbef4faec2d146a398; tag patch blob e4a279b9ab73953d8d2f2b51ac3196712c4f61b7; CVEProgram cvelistV5@5657707bc397bc80237e9aea2d7e01994208f1b2,"OpenWrt commit calls this a critical ""implement Strict KEX mode (CVE-2023-48795)"" fix; identical patch blob is present in v22.03.7.",principal-adjudication,2026-10-01T08:34:52Z,"No disagreement: adjudication records concurrence, not a new independent claim."
OWV2-23.05.3-x86-64-dropbear-CVE-2023-36328-6549a711,23.05.3,x86/64,dropbear,CVE-2023-36328,not_affected,not_affected,yes,not_affected,research-os/data/openwrt-v2-snapshots/cvelistV5/CVE-2023-36328.json | research-os/data/openwrt-v2-snapshots/releases/23.05.3/x86_64/openwrt-23.05.3-x86-64.manifest | https://github.com/openwrt/openwrt/commit/6549a711be6cb9788aaaec6d31e3396b21893163 | https://github.com/openwrt/openwrt/blob/v23.05.3/package/network/services/dropbear/patches/015-libtommath-fix-possible-integer-overflow.patch,OpenWrt v23.05.3 (01170d518da1c8ade9d26e56d0135d12cda8e781); CVE-linked commit 6549a711be6cb9788aaaec6d31e3396b21893163; tag patch blob f39417adb79482add3d884eb4716a05926d458b6; CVEProgram cvelistV5@5657707bc397bc80237e9aea2d7e01994208f1b2,"OpenWrt commit calls this a critical ""libtommath: possible integer overflow (CVE-2023-36328)"" fix; identical patch blob is present in v23.05.3.",principal-adjudication,2026-10-01T08:34:52Z,"No disagreement: adjudication records concurrence, not a new independent claim."
OWV2-23.05.3-x86-64-dropbear-CVE-2023-48795-6549a711,23.05.3,x86/64,dropbear,CVE-2023-48795,not_affected,not_affected,yes,not_affected,research-os/data/openwrt-v2-snapshots/cvelistV5/CVE-2023-48795.json | research-os/data/openwrt-v2-snapshots/releases/23.05.3/x86_64/openwrt-23.05.3-x86-64.manifest | https://github.com/openwrt/openwrt/commit/6549a711be6cb9788aaaec6d31e3396b21893163 | https://github.com/openwrt/openwrt/blob/v23.05.3/package/network/services/dropbear/patches/021-Implement-Strict-KEX-mode.patch,OpenWrt v23.05.3 (01170d518da1c8ade9d26e56d0135d12cda8e781); CVE-linked commit 6549a711be6cb9788aaaec6d31e3396b21893163; tag patch blob e4a279b9ab73953d8d2f2b51ac3196712c4f61b7; CVEProgram cvelistV5@5657707bc397bc80237e9aea2d7e01994208f1b2,"OpenWrt commit calls this a critical ""implement Strict KEX mode (CVE-2023-48795)"" fix; identical patch blob is present in v23.05.3.",principal-adjudication,2026-10-01T08:34:52Z,"No disagreement: adjudication records concurrence, not a new independent claim."
