release,target,commit_sha,commit_subject,cve_id,package_subject_hint,manifest_package,manifest_version,manifest_path,cve_json_path,selection_basis,human_label,evidence_refs,reviewer_id,reviewed_at_utc,notes
22.03.0,ath79/generic,d8565a06dc01b55ed1018d571e655c122b9d2a33,kernel: bump 4.9 to 4.9.77,CVE-2017-1000410,kernel,kernel,5.10.138-1-abf0c66378f3d0588b20489662c12426,research-os/data/openwrt-v2-snapshots/releases/22.03.0/ath79_generic/openwrt-22.03.0-ath79-generic.manifest,research-os/data/openwrt-v2-snapshots/cvelistV5/CVE-2017-1000410.json,explicit_backport_or_cherry_pick_in_commit_message,,,,,
22.03.0,x86/64,d8565a06dc01b55ed1018d571e655c122b9d2a33,kernel: bump 4.9 to 4.9.77,CVE-2017-1000410,kernel,kernel,5.10.138-1-789565457d2f287975d7d943ddbe4eeb,research-os/data/openwrt-v2-snapshots/releases/22.03.0/x86_64/openwrt-22.03.0-x86-64.manifest,research-os/data/openwrt-v2-snapshots/cvelistV5/CVE-2017-1000410.json,explicit_backport_or_cherry_pick_in_commit_message,,,,,
22.03.0,ath79/generic,d8565a06dc01b55ed1018d571e655c122b9d2a33,kernel: bump 4.9 to 4.9.77,CVE-2017-17741,kernel,kernel,5.10.138-1-abf0c66378f3d0588b20489662c12426,research-os/data/openwrt-v2-snapshots/releases/22.03.0/ath79_generic/openwrt-22.03.0-ath79-generic.manifest,research-os/data/openwrt-v2-snapshots/cvelistV5/CVE-2017-17741.json,explicit_backport_or_cherry_pick_in_commit_message,,,,,
22.03.0,x86/64,d8565a06dc01b55ed1018d571e655c122b9d2a33,kernel: bump 4.9 to 4.9.77,CVE-2017-17741,kernel,kernel,5.10.138-1-789565457d2f287975d7d943ddbe4eeb,research-os/data/openwrt-v2-snapshots/releases/22.03.0/x86_64/openwrt-22.03.0-x86-64.manifest,research-os/data/openwrt-v2-snapshots/cvelistV5/CVE-2017-17741.json,explicit_backport_or_cherry_pick_in_commit_message,,,,,
22.03.0,ath79/generic,d8565a06dc01b55ed1018d571e655c122b9d2a33,kernel: bump 4.9 to 4.9.77,CVE-2017-5715,kernel,kernel,5.10.138-1-abf0c66378f3d0588b20489662c12426,research-os/data/openwrt-v2-snapshots/releases/22.03.0/ath79_generic/openwrt-22.03.0-ath79-generic.manifest,research-os/data/openwrt-v2-snapshots/cvelistV5/CVE-2017-5715.json,explicit_backport_or_cherry_pick_in_commit_message,,,,,
22.03.0,x86/64,d8565a06dc01b55ed1018d571e655c122b9d2a33,kernel: bump 4.9 to 4.9.77,CVE-2017-5715,kernel,kernel,5.10.138-1-789565457d2f287975d7d943ddbe4eeb,research-os/data/openwrt-v2-snapshots/releases/22.03.0/x86_64/openwrt-22.03.0-x86-64.manifest,research-os/data/openwrt-v2-snapshots/cvelistV5/CVE-2017-5715.json,explicit_backport_or_cherry_pick_in_commit_message,,,,,
22.03.0,ath79/generic,d8565a06dc01b55ed1018d571e655c122b9d2a33,kernel: bump 4.9 to 4.9.77,CVE-2017-5753,kernel,kernel,5.10.138-1-abf0c66378f3d0588b20489662c12426,research-os/data/openwrt-v2-snapshots/releases/22.03.0/ath79_generic/openwrt-22.03.0-ath79-generic.manifest,research-os/data/openwrt-v2-snapshots/cvelistV5/CVE-2017-5753.json,explicit_backport_or_cherry_pick_in_commit_message,,,,,
22.03.0,x86/64,d8565a06dc01b55ed1018d571e655c122b9d2a33,kernel: bump 4.9 to 4.9.77,CVE-2017-5753,kernel,kernel,5.10.138-1-789565457d2f287975d7d943ddbe4eeb,research-os/data/openwrt-v2-snapshots/releases/22.03.0/x86_64/openwrt-22.03.0-x86-64.manifest,research-os/data/openwrt-v2-snapshots/cvelistV5/CVE-2017-5753.json,explicit_backport_or_cherry_pick_in_commit_message,,,,,
22.03.0,ath79/generic,f621b539512e5b6c83dd2de1bc2dba06e40cd7ea,kernel: bump 4.9 to 4.9.82,CVE-2017-8824,kernel,kernel,5.10.138-1-abf0c66378f3d0588b20489662c12426,research-os/data/openwrt-v2-snapshots/releases/22.03.0/ath79_generic/openwrt-22.03.0-ath79-generic.manifest,research-os/data/openwrt-v2-snapshots/cvelistV5/CVE-2017-8824.json,explicit_backport_or_cherry_pick_in_commit_message,,,,,
22.03.0,x86/64,f621b539512e5b6c83dd2de1bc2dba06e40cd7ea,kernel: bump 4.9 to 4.9.82,CVE-2017-8824,kernel,kernel,5.10.138-1-789565457d2f287975d7d943ddbe4eeb,research-os/data/openwrt-v2-snapshots/releases/22.03.0/x86_64/openwrt-22.03.0-x86-64.manifest,research-os/data/openwrt-v2-snapshots/cvelistV5/CVE-2017-8824.json,explicit_backport_or_cherry_pick_in_commit_message,,,,,
22.03.0,ath79/generic,fefe1da440eede8dfaa23975c30ae2f6fcac744d,kernel: backport upstream fix for CVE-2018-5390,CVE-2018-5390,kernel,kernel,5.10.138-1-abf0c66378f3d0588b20489662c12426,research-os/data/openwrt-v2-snapshots/releases/22.03.0/ath79_generic/openwrt-22.03.0-ath79-generic.manifest,research-os/data/openwrt-v2-snapshots/cvelistV5/CVE-2018-5390.json,explicit_backport_or_cherry_pick_in_commit_message,,,,,
22.03.0,x86/64,fefe1da440eede8dfaa23975c30ae2f6fcac744d,kernel: backport upstream fix for CVE-2018-5390,CVE-2018-5390,kernel,kernel,5.10.138-1-789565457d2f287975d7d943ddbe4eeb,research-os/data/openwrt-v2-snapshots/releases/22.03.0/x86_64/openwrt-22.03.0-x86-64.manifest,research-os/data/openwrt-v2-snapshots/cvelistV5/CVE-2018-5390.json,explicit_backport_or_cherry_pick_in_commit_message,,,,,
