cve	status	url
CVE-2011-2716	stored	https://raw.githubusercontent.com/CVEProject/cvelistV5/5657707bc397bc80237e9aea2d7e01994208f1b2/cves/2011/2xxx/CVE-2011-2716.json
CVE-2012-0920	stored	https://raw.githubusercontent.com/CVEProject/cvelistV5/5657707bc397bc80237e9aea2d7e01994208f1b2/cves/2012/0xxx/CVE-2012-0920.json
CVE-2013-1763	stored	https://raw.githubusercontent.com/CVEProject/cvelistV5/5657707bc397bc80237e9aea2d7e01994208f1b2/cves/2013/1xxx/CVE-2013-1763.json
CVE-2013-1798	stored	https://raw.githubusercontent.com/CVEProject/cvelistV5/5657707bc397bc80237e9aea2d7e01994208f1b2/cves/2013/1xxx/CVE-2013-1798.json
CVE-2014-3158	stored	https://raw.githubusercontent.com/CVEProject/cvelistV5/5657707bc397bc80237e9aea2d7e01994208f1b2/cves/2014/3xxx/CVE-2014-3158.json
CVE-2014-5461	stored	https://raw.githubusercontent.com/CVEProject/cvelistV5/5657707bc397bc80237e9aea2d7e01994208f1b2/cves/2014/5xxx/CVE-2014-5461.json
CVE-2015-8370	stored	https://raw.githubusercontent.com/CVEProject/cvelistV5/5657707bc397bc80237e9aea2d7e01994208f1b2/cves/2015/8xxx/CVE-2015-8370.json
CVE-2016-0728	stored	https://raw.githubusercontent.com/CVEProject/cvelistV5/5657707bc397bc80237e9aea2d7e01994208f1b2/cves/2016/0xxx/CVE-2016-0728.json
CVE-2016-5195	stored	https://raw.githubusercontent.com/CVEProject/cvelistV5/5657707bc397bc80237e9aea2d7e01994208f1b2/cves/2016/5xxx/CVE-2016-5195.json
CVE-2016-5696	stored	https://raw.githubusercontent.com/CVEProject/cvelistV5/5657707bc397bc80237e9aea2d7e01994208f1b2/cves/2016/5xxx/CVE-2016-5696.json
CVE-2017-0786	stored	https://raw.githubusercontent.com/CVEProject/cvelistV5/5657707bc397bc80237e9aea2d7e01994208f1b2/cves/2017/0xxx/CVE-2017-0786.json
CVE-2017-1000111	stored	https://raw.githubusercontent.com/CVEProject/cvelistV5/5657707bc397bc80237e9aea2d7e01994208f1b2/cves/2017/1000xxx/CVE-2017-1000111.json
CVE-2017-1000112	stored	https://raw.githubusercontent.com/CVEProject/cvelistV5/5657707bc397bc80237e9aea2d7e01994208f1b2/cves/2017/1000xxx/CVE-2017-1000112.json
CVE-2017-1000251	stored	https://raw.githubusercontent.com/CVEProject/cvelistV5/5657707bc397bc80237e9aea2d7e01994208f1b2/cves/2017/1000xxx/CVE-2017-1000251.json
CVE-2017-1000252	stored	https://raw.githubusercontent.com/CVEProject/cvelistV5/5657707bc397bc80237e9aea2d7e01994208f1b2/cves/2017/1000xxx/CVE-2017-1000252.json
CVE-2017-1000255	stored	https://raw.githubusercontent.com/CVEProject/cvelistV5/5657707bc397bc80237e9aea2d7e01994208f1b2/cves/2017/1000xxx/CVE-2017-1000255.json
CVE-2017-1000410	stored	https://raw.githubusercontent.com/CVEProject/cvelistV5/5657707bc397bc80237e9aea2d7e01994208f1b2/cves/2017/1000xxx/CVE-2017-1000410.json
CVE-2017-11600	stored	https://raw.githubusercontent.com/CVEProject/cvelistV5/5657707bc397bc80237e9aea2d7e01994208f1b2/cves/2017/11xxx/CVE-2017-11600.json
CVE-2017-12153	stored	https://raw.githubusercontent.com/CVEProject/cvelistV5/5657707bc397bc80237e9aea2d7e01994208f1b2/cves/2017/12xxx/CVE-2017-12153.json
CVE-2017-12154	stored	https://raw.githubusercontent.com/CVEProject/cvelistV5/5657707bc397bc80237e9aea2d7e01994208f1b2/cves/2017/12xxx/CVE-2017-12154.json
CVE-2017-12188	stored	https://raw.githubusercontent.com/CVEProject/cvelistV5/5657707bc397bc80237e9aea2d7e01994208f1b2/cves/2017/12xxx/CVE-2017-12188.json
CVE-2017-13704	stored	https://raw.githubusercontent.com/CVEProject/cvelistV5/5657707bc397bc80237e9aea2d7e01994208f1b2/cves/2017/13xxx/CVE-2017-13704.json
CVE-2017-14106	stored	https://raw.githubusercontent.com/CVEProject/cvelistV5/5657707bc397bc80237e9aea2d7e01994208f1b2/cves/2017/14xxx/CVE-2017-14106.json
CVE-2017-14491	stored	https://raw.githubusercontent.com/CVEProject/cvelistV5/5657707bc397bc80237e9aea2d7e01994208f1b2/cves/2017/14xxx/CVE-2017-14491.json
CVE-2017-14492	stored	https://raw.githubusercontent.com/CVEProject/cvelistV5/5657707bc397bc80237e9aea2d7e01994208f1b2/cves/2017/14xxx/CVE-2017-14492.json
CVE-2017-14493	stored	https://raw.githubusercontent.com/CVEProject/cvelistV5/5657707bc397bc80237e9aea2d7e01994208f1b2/cves/2017/14xxx/CVE-2017-14493.json
CVE-2017-14494	stored	https://raw.githubusercontent.com/CVEProject/cvelistV5/5657707bc397bc80237e9aea2d7e01994208f1b2/cves/2017/14xxx/CVE-2017-14494.json
CVE-2017-14497	stored	https://raw.githubusercontent.com/CVEProject/cvelistV5/5657707bc397bc80237e9aea2d7e01994208f1b2/cves/2017/14xxx/CVE-2017-14497.json
CVE-2017-15107	stored	https://raw.githubusercontent.com/CVEProject/cvelistV5/5657707bc397bc80237e9aea2d7e01994208f1b2/cves/2017/15xxx/CVE-2017-15107.json
CVE-2017-15265	stored	https://raw.githubusercontent.com/CVEProject/cvelistV5/5657707bc397bc80237e9aea2d7e01994208f1b2/cves/2017/15xxx/CVE-2017-15265.json
CVE-2017-16544	stored	https://raw.githubusercontent.com/CVEProject/cvelistV5/5657707bc397bc80237e9aea2d7e01994208f1b2/cves/2017/16xxx/CVE-2017-16544.json
CVE-2017-17741	stored	https://raw.githubusercontent.com/CVEProject/cvelistV5/5657707bc397bc80237e9aea2d7e01994208f1b2/cves/2017/17xxx/CVE-2017-17741.json
CVE-2017-5715	stored	https://raw.githubusercontent.com/CVEProject/cvelistV5/5657707bc397bc80237e9aea2d7e01994208f1b2/cves/2017/5xxx/CVE-2017-5715.json
CVE-2017-5753	stored	https://raw.githubusercontent.com/CVEProject/cvelistV5/5657707bc397bc80237e9aea2d7e01994208f1b2/cves/2017/5xxx/CVE-2017-5753.json
CVE-2017-5754	stored	https://raw.githubusercontent.com/CVEProject/cvelistV5/5657707bc397bc80237e9aea2d7e01994208f1b2/cves/2017/5xxx/CVE-2017-5754.json
CVE-2017-7518	stored	https://raw.githubusercontent.com/CVEProject/cvelistV5/5657707bc397bc80237e9aea2d7e01994208f1b2/cves/2017/7xxx/CVE-2017-7518.json
CVE-2017-7533	stored	https://raw.githubusercontent.com/CVEProject/cvelistV5/5657707bc397bc80237e9aea2d7e01994208f1b2/cves/2017/7xxx/CVE-2017-7533.json
CVE-2017-8824	stored	https://raw.githubusercontent.com/CVEProject/cvelistV5/5657707bc397bc80237e9aea2d7e01994208f1b2/cves/2017/8xxx/CVE-2017-8824.json
CVE-2017-8890	stored	https://raw.githubusercontent.com/CVEProject/cvelistV5/5657707bc397bc80237e9aea2d7e01994208f1b2/cves/2017/8xxx/CVE-2017-8890.json
CVE-2017-9074	stored	https://raw.githubusercontent.com/CVEProject/cvelistV5/5657707bc397bc80237e9aea2d7e01994208f1b2/cves/2017/9xxx/CVE-2017-9074.json
CVE-2017-9075	stored	https://raw.githubusercontent.com/CVEProject/cvelistV5/5657707bc397bc80237e9aea2d7e01994208f1b2/cves/2017/9xxx/CVE-2017-9075.json
CVE-2017-9076	stored	https://raw.githubusercontent.com/CVEProject/cvelistV5/5657707bc397bc80237e9aea2d7e01994208f1b2/cves/2017/9xxx/CVE-2017-9076.json
CVE-2017-9077	stored	https://raw.githubusercontent.com/CVEProject/cvelistV5/5657707bc397bc80237e9aea2d7e01994208f1b2/cves/2017/9xxx/CVE-2017-9077.json
CVE-2017-9078	stored	https://raw.githubusercontent.com/CVEProject/cvelistV5/5657707bc397bc80237e9aea2d7e01994208f1b2/cves/2017/9xxx/CVE-2017-9078.json
CVE-2017-9079	stored	https://raw.githubusercontent.com/CVEProject/cvelistV5/5657707bc397bc80237e9aea2d7e01994208f1b2/cves/2017/9xxx/CVE-2017-9079.json
CVE-2017-9242	stored	https://raw.githubusercontent.com/CVEProject/cvelistV5/5657707bc397bc80237e9aea2d7e01994208f1b2/cves/2017/9xxx/CVE-2017-9242.json
CVE-2018-1000026	stored	https://raw.githubusercontent.com/CVEProject/cvelistV5/5657707bc397bc80237e9aea2d7e01994208f1b2/cves/2018/1000xxx/CVE-2018-1000026.json
CVE-2018-10876	stored	https://raw.githubusercontent.com/CVEProject/cvelistV5/5657707bc397bc80237e9aea2d7e01994208f1b2/cves/2018/10xxx/CVE-2018-10876.json
CVE-2018-10877	stored	https://raw.githubusercontent.com/CVEProject/cvelistV5/5657707bc397bc80237e9aea2d7e01994208f1b2/cves/2018/10xxx/CVE-2018-10877.json
CVE-2018-10879	stored	https://raw.githubusercontent.com/CVEProject/cvelistV5/5657707bc397bc80237e9aea2d7e01994208f1b2/cves/2018/10xxx/CVE-2018-10879.json
CVE-2018-10880	stored	https://raw.githubusercontent.com/CVEProject/cvelistV5/5657707bc397bc80237e9aea2d7e01994208f1b2/cves/2018/10xxx/CVE-2018-10880.json
CVE-2018-10881	stored	https://raw.githubusercontent.com/CVEProject/cvelistV5/5657707bc397bc80237e9aea2d7e01994208f1b2/cves/2018/10xxx/CVE-2018-10881.json
CVE-2018-10882	stored	https://raw.githubusercontent.com/CVEProject/cvelistV5/5657707bc397bc80237e9aea2d7e01994208f1b2/cves/2018/10xxx/CVE-2018-10882.json
CVE-2018-10883	stored	https://raw.githubusercontent.com/CVEProject/cvelistV5/5657707bc397bc80237e9aea2d7e01994208f1b2/cves/2018/10xxx/CVE-2018-10883.json
CVE-2018-1092	stored	https://raw.githubusercontent.com/CVEProject/cvelistV5/5657707bc397bc80237e9aea2d7e01994208f1b2/cves/2018/1xxx/CVE-2018-1092.json
CVE-2018-1094	stored	https://raw.githubusercontent.com/CVEProject/cvelistV5/5657707bc397bc80237e9aea2d7e01994208f1b2/cves/2018/1xxx/CVE-2018-1094.json
CVE-2018-1095	stored	https://raw.githubusercontent.com/CVEProject/cvelistV5/5657707bc397bc80237e9aea2d7e01994208f1b2/cves/2018/1xxx/CVE-2018-1095.json
CVE-2018-1108	stored	https://raw.githubusercontent.com/CVEProject/cvelistV5/5657707bc397bc80237e9aea2d7e01994208f1b2/cves/2018/1xxx/CVE-2018-1108.json
CVE-2018-14625	stored	https://raw.githubusercontent.com/CVEProject/cvelistV5/5657707bc397bc80237e9aea2d7e01994208f1b2/cves/2018/14xxx/CVE-2018-14625.json
CVE-2018-15473	stored	https://raw.githubusercontent.com/CVEProject/cvelistV5/5657707bc397bc80237e9aea2d7e01994208f1b2/cves/2018/15xxx/CVE-2018-15473.json
CVE-2018-15599	stored	https://raw.githubusercontent.com/CVEProject/cvelistV5/5657707bc397bc80237e9aea2d7e01994208f1b2/cves/2018/15xxx/CVE-2018-15599.json
CVE-2018-3620	stored	https://raw.githubusercontent.com/CVEProject/cvelistV5/5657707bc397bc80237e9aea2d7e01994208f1b2/cves/2018/3xxx/CVE-2018-3620.json
CVE-2018-3639	stored	https://raw.githubusercontent.com/CVEProject/cvelistV5/5657707bc397bc80237e9aea2d7e01994208f1b2/cves/2018/3xxx/CVE-2018-3639.json
CVE-2018-3646	stored	https://raw.githubusercontent.com/CVEProject/cvelistV5/5657707bc397bc80237e9aea2d7e01994208f1b2/cves/2018/3xxx/CVE-2018-3646.json
CVE-2018-5390	stored	https://raw.githubusercontent.com/CVEProject/cvelistV5/5657707bc397bc80237e9aea2d7e01994208f1b2/cves/2018/5xxx/CVE-2018-5390.json
CVE-2018-6412	stored	https://raw.githubusercontent.com/CVEProject/cvelistV5/5657707bc397bc80237e9aea2d7e01994208f1b2/cves/2018/6xxx/CVE-2018-6412.json
CVE-2018-7755	stored	https://raw.githubusercontent.com/CVEProject/cvelistV5/5657707bc397bc80237e9aea2d7e01994208f1b2/cves/2018/7xxx/CVE-2018-7755.json
CVE-2019-10207	stored	https://raw.githubusercontent.com/CVEProject/cvelistV5/5657707bc397bc80237e9aea2d7e01994208f1b2/cves/2019/10xxx/CVE-2019-10207.json
CVE-2019-11477	stored	https://raw.githubusercontent.com/CVEProject/cvelistV5/5657707bc397bc80237e9aea2d7e01994208f1b2/cves/2019/11xxx/CVE-2019-11477.json
CVE-2019-11478	stored	https://raw.githubusercontent.com/CVEProject/cvelistV5/5657707bc397bc80237e9aea2d7e01994208f1b2/cves/2019/11xxx/CVE-2019-11478.json
CVE-2019-11479	stored	https://raw.githubusercontent.com/CVEProject/cvelistV5/5657707bc397bc80237e9aea2d7e01994208f1b2/cves/2019/11xxx/CVE-2019-11479.json
CVE-2019-13648	stored	https://raw.githubusercontent.com/CVEProject/cvelistV5/5657707bc397bc80237e9aea2d7e01994208f1b2/cves/2019/13xxx/CVE-2019-13648.json
CVE-2019-14814	stored	https://raw.githubusercontent.com/CVEProject/cvelistV5/5657707bc397bc80237e9aea2d7e01994208f1b2/cves/2019/14xxx/CVE-2019-14814.json
CVE-2019-14815	stored	https://raw.githubusercontent.com/CVEProject/cvelistV5/5657707bc397bc80237e9aea2d7e01994208f1b2/cves/2019/14xxx/CVE-2019-14815.json
CVE-2019-14816	stored	https://raw.githubusercontent.com/CVEProject/cvelistV5/5657707bc397bc80237e9aea2d7e01994208f1b2/cves/2019/14xxx/CVE-2019-14816.json
CVE-2019-14821	stored	https://raw.githubusercontent.com/CVEProject/cvelistV5/5657707bc397bc80237e9aea2d7e01994208f1b2/cves/2019/14xxx/CVE-2019-14821.json
CVE-2019-14896	stored	https://raw.githubusercontent.com/CVEProject/cvelistV5/5657707bc397bc80237e9aea2d7e01994208f1b2/cves/2019/14xxx/CVE-2019-14896.json
CVE-2019-14897	stored	https://raw.githubusercontent.com/CVEProject/cvelistV5/5657707bc397bc80237e9aea2d7e01994208f1b2/cves/2019/14xxx/CVE-2019-14897.json
CVE-2019-15030	stored	https://raw.githubusercontent.com/CVEProject/cvelistV5/5657707bc397bc80237e9aea2d7e01994208f1b2/cves/2019/15xxx/CVE-2019-15030.json
CVE-2019-15504	stored	https://raw.githubusercontent.com/CVEProject/cvelistV5/5657707bc397bc80237e9aea2d7e01994208f1b2/cves/2019/15xxx/CVE-2019-15504.json
CVE-2019-18660	stored	https://raw.githubusercontent.com/CVEProject/cvelistV5/5657707bc397bc80237e9aea2d7e01994208f1b2/cves/2019/18xxx/CVE-2019-18660.json
CVE-2019-19332	stored	https://raw.githubusercontent.com/CVEProject/cvelistV5/5657707bc397bc80237e9aea2d7e01994208f1b2/cves/2019/19xxx/CVE-2019-19332.json
CVE-2019-19769	stored	https://raw.githubusercontent.com/CVEProject/cvelistV5/5657707bc397bc80237e9aea2d7e01994208f1b2/cves/2019/19xxx/CVE-2019-19769.json
CVE-2019-3016	stored	https://raw.githubusercontent.com/CVEProject/cvelistV5/5657707bc397bc80237e9aea2d7e01994208f1b2/cves/2019/3xxx/CVE-2019-3016.json
CVE-2019-3819	stored	https://raw.githubusercontent.com/CVEProject/cvelistV5/5657707bc397bc80237e9aea2d7e01994208f1b2/cves/2019/3xxx/CVE-2019-3819.json
CVE-2019-3846	stored	https://raw.githubusercontent.com/CVEProject/cvelistV5/5657707bc397bc80237e9aea2d7e01994208f1b2/cves/2019/3xxx/CVE-2019-3846.json
CVE-2019-3887	stored	https://raw.githubusercontent.com/CVEProject/cvelistV5/5657707bc397bc80237e9aea2d7e01994208f1b2/cves/2019/3xxx/CVE-2019-3887.json
CVE-2019-3900	stored	https://raw.githubusercontent.com/CVEProject/cvelistV5/5657707bc397bc80237e9aea2d7e01994208f1b2/cves/2019/3xxx/CVE-2019-3900.json
CVE-2019-5094	stored	https://raw.githubusercontent.com/CVEProject/cvelistV5/5657707bc397bc80237e9aea2d7e01994208f1b2/cves/2019/5xxx/CVE-2019-5094.json
CVE-2019-6111	stored	https://raw.githubusercontent.com/CVEProject/cvelistV5/5657707bc397bc80237e9aea2d7e01994208f1b2/cves/2019/6xxx/CVE-2019-6111.json
CVE-2019-6974	stored	https://raw.githubusercontent.com/CVEProject/cvelistV5/5657707bc397bc80237e9aea2d7e01994208f1b2/cves/2019/6xxx/CVE-2019-6974.json
CVE-2019-7221	stored	https://raw.githubusercontent.com/CVEProject/cvelistV5/5657707bc397bc80237e9aea2d7e01994208f1b2/cves/2019/7xxx/CVE-2019-7221.json
CVE-2019-7222	stored	https://raw.githubusercontent.com/CVEProject/cvelistV5/5657707bc397bc80237e9aea2d7e01994208f1b2/cves/2019/7xxx/CVE-2019-7222.json
CVE-2020-10757	stored	https://raw.githubusercontent.com/CVEProject/cvelistV5/5657707bc397bc80237e9aea2d7e01994208f1b2/cves/2020/10xxx/CVE-2020-10757.json
CVE-2020-11669	stored	https://raw.githubusercontent.com/CVEProject/cvelistV5/5657707bc397bc80237e9aea2d7e01994208f1b2/cves/2020/11xxx/CVE-2020-11669.json
CVE-2020-11884	stored	https://raw.githubusercontent.com/CVEProject/cvelistV5/5657707bc397bc80237e9aea2d7e01994208f1b2/cves/2020/11xxx/CVE-2020-11884.json
CVE-2020-12114	stored	https://raw.githubusercontent.com/CVEProject/cvelistV5/5657707bc397bc80237e9aea2d7e01994208f1b2/cves/2020/12xxx/CVE-2020-12114.json
CVE-2020-14372	stored	https://raw.githubusercontent.com/CVEProject/cvelistV5/5657707bc397bc80237e9aea2d7e01994208f1b2/cves/2020/14xxx/CVE-2020-14372.json
CVE-2020-25632	stored	https://raw.githubusercontent.com/CVEProject/cvelistV5/5657707bc397bc80237e9aea2d7e01994208f1b2/cves/2020/25xxx/CVE-2020-25632.json
CVE-2020-25647	stored	https://raw.githubusercontent.com/CVEProject/cvelistV5/5657707bc397bc80237e9aea2d7e01994208f1b2/cves/2020/25xxx/CVE-2020-25647.json
CVE-2020-25681	stored	https://raw.githubusercontent.com/CVEProject/cvelistV5/5657707bc397bc80237e9aea2d7e01994208f1b2/cves/2020/25xxx/CVE-2020-25681.json
CVE-2020-25682	stored	https://raw.githubusercontent.com/CVEProject/cvelistV5/5657707bc397bc80237e9aea2d7e01994208f1b2/cves/2020/25xxx/CVE-2020-25682.json
CVE-2020-25683	stored	https://raw.githubusercontent.com/CVEProject/cvelistV5/5657707bc397bc80237e9aea2d7e01994208f1b2/cves/2020/25xxx/CVE-2020-25683.json
CVE-2020-25684	stored	https://raw.githubusercontent.com/CVEProject/cvelistV5/5657707bc397bc80237e9aea2d7e01994208f1b2/cves/2020/25xxx/CVE-2020-25684.json
CVE-2020-25685	stored	https://raw.githubusercontent.com/CVEProject/cvelistV5/5657707bc397bc80237e9aea2d7e01994208f1b2/cves/2020/25xxx/CVE-2020-25685.json
CVE-2020-25686	stored	https://raw.githubusercontent.com/CVEProject/cvelistV5/5657707bc397bc80237e9aea2d7e01994208f1b2/cves/2020/25xxx/CVE-2020-25686.json
CVE-2020-25687	stored	https://raw.githubusercontent.com/CVEProject/cvelistV5/5657707bc397bc80237e9aea2d7e01994208f1b2/cves/2020/25xxx/CVE-2020-25687.json
CVE-2020-27749	stored	https://raw.githubusercontent.com/CVEProject/cvelistV5/5657707bc397bc80237e9aea2d7e01994208f1b2/cves/2020/27xxx/CVE-2020-27749.json
CVE-2020-27779	stored	https://raw.githubusercontent.com/CVEProject/cvelistV5/5657707bc397bc80237e9aea2d7e01994208f1b2/cves/2020/27xxx/CVE-2020-27779.json
CVE-2020-7982	stored	https://raw.githubusercontent.com/CVEProject/cvelistV5/5657707bc397bc80237e9aea2d7e01994208f1b2/cves/2020/7xxx/CVE-2020-7982.json
CVE-2020-8597	stored	https://raw.githubusercontent.com/CVEProject/cvelistV5/5657707bc397bc80237e9aea2d7e01994208f1b2/cves/2020/8xxx/CVE-2020-8597.json
CVE-2020-8647	stored	https://raw.githubusercontent.com/CVEProject/cvelistV5/5657707bc397bc80237e9aea2d7e01994208f1b2/cves/2020/8xxx/CVE-2020-8647.json
CVE-2020-8648	stored	https://raw.githubusercontent.com/CVEProject/cvelistV5/5657707bc397bc80237e9aea2d7e01994208f1b2/cves/2020/8xxx/CVE-2020-8648.json
CVE-2020-8649	stored	https://raw.githubusercontent.com/CVEProject/cvelistV5/5657707bc397bc80237e9aea2d7e01994208f1b2/cves/2020/8xxx/CVE-2020-8649.json
CVE-2021-20225	stored	https://raw.githubusercontent.com/CVEProject/cvelistV5/5657707bc397bc80237e9aea2d7e01994208f1b2/cves/2021/20xxx/CVE-2021-20225.json
CVE-2021-20233	stored	https://raw.githubusercontent.com/CVEProject/cvelistV5/5657707bc397bc80237e9aea2d7e01994208f1b2/cves/2021/20xxx/CVE-2021-20233.json
CVE-2021-28831	stored	https://raw.githubusercontent.com/CVEProject/cvelistV5/5657707bc397bc80237e9aea2d7e01994208f1b2/cves/2021/28xxx/CVE-2021-28831.json
CVE-2021-3418	stored	https://raw.githubusercontent.com/CVEProject/cvelistV5/5657707bc397bc80237e9aea2d7e01994208f1b2/cves/2021/3xxx/CVE-2021-3418.json
CVE-2021-3448	stored	https://raw.githubusercontent.com/CVEProject/cvelistV5/5657707bc397bc80237e9aea2d7e01994208f1b2/cves/2021/3xxx/CVE-2021-3448.json
CVE-2022-0934	stored	https://raw.githubusercontent.com/CVEProject/cvelistV5/5657707bc397bc80237e9aea2d7e01994208f1b2/cves/2022/0xxx/CVE-2022-0934.json
CVE-2022-1304	stored	https://raw.githubusercontent.com/CVEProject/cvelistV5/5657707bc397bc80237e9aea2d7e01994208f1b2/cves/2022/1xxx/CVE-2022-1304.json
CVE-2022-30065	stored	https://raw.githubusercontent.com/CVEProject/cvelistV5/5657707bc397bc80237e9aea2d7e01994208f1b2/cves/2022/30xxx/CVE-2022-30065.json
CVE-2023-36328	stored	https://raw.githubusercontent.com/CVEProject/cvelistV5/5657707bc397bc80237e9aea2d7e01994208f1b2/cves/2023/36xxx/CVE-2023-36328.json
CVE-2023-48795	stored	https://raw.githubusercontent.com/CVEProject/cvelistV5/5657707bc397bc80237e9aea2d7e01994208f1b2/cves/2023/48xxx/CVE-2023-48795.json
CVE-2023-50387	stored	https://raw.githubusercontent.com/CVEProject/cvelistV5/5657707bc397bc80237e9aea2d7e01994208f1b2/cves/2023/50xxx/CVE-2023-50387.json
CVE-2023-50868	stored	https://raw.githubusercontent.com/CVEProject/cvelistV5/5657707bc397bc80237e9aea2d7e01994208f1b2/cves/2023/50xxx/CVE-2023-50868.json
CVE-2025-14282	stored	https://raw.githubusercontent.com/CVEProject/cvelistV5/5657707bc397bc80237e9aea2d7e01994208f1b2/cves/2025/14xxx/CVE-2025-14282.json
CVE-2025-32108	missing_or_fetch_failed	https://raw.githubusercontent.com/CVEProject/cvelistV5/5657707bc397bc80237e9aea2d7e01994208f1b2/cves/2025/32xxx/CVE-2025-32108.json
CVE-2026-35385	stored	https://raw.githubusercontent.com/CVEProject/cvelistV5/5657707bc397bc80237e9aea2d7e01994208f1b2/cves/2026/35xxx/CVE-2026-35385.json
CVE-2026-4890	stored	https://raw.githubusercontent.com/CVEProject/cvelistV5/5657707bc397bc80237e9aea2d7e01994208f1b2/cves/2026/4xxx/CVE-2026-4890.json
CVE-2026-55612	missing_or_fetch_failed	https://raw.githubusercontent.com/CVEProject/cvelistV5/5657707bc397bc80237e9aea2d7e01994208f1b2/cves/2026/55xxx/CVE-2026-55612.json
CVE-2026-55613	missing_or_fetch_failed	https://raw.githubusercontent.com/CVEProject/cvelistV5/5657707bc397bc80237e9aea2d7e01994208f1b2/cves/2026/55xxx/CVE-2026-55613.json
CVE-2026-55614	missing_or_fetch_failed	https://raw.githubusercontent.com/CVEProject/cvelistV5/5657707bc397bc80237e9aea2d7e01994208f1b2/cves/2026/55xxx/CVE-2026-55614.json
